datetime,open,high,low,close,volume
2026-07-07T19:00:00+00:00,2985.32,2987.43,2975.73,2983.03,38435
2026-07-07T20:00:00+00:00,2983.03,2983.19,2979.57,2981.57,4314
2026-07-07T22:00:00+00:00,2981.57,2981.57,2974.01,2979.42,2951
2026-07-07T23:00:00+00:00,2979.42,2983.03,2976.31,2976.97,3056
2026-07-08T00:00:00+00:00,2976.97,2988.53,2974.07,2988.02,12506
2026-07-08T01:00:00+00:00,2988.02,2988.52,2982.56,2983.72,8486
2026-07-08T02:00:00+00:00,2983.72,2984.22,2979.66,2983.12,7208
2026-07-08T03:00:00+00:00,2983.12,2987.41,2983.06,2983.78,5031
2026-07-08T04:00:00+00:00,2983.78,2985.22,2981.71,2983.98,6280
2026-07-08T05:00:00+00:00,2983.98,2985.31,2974.76,2977.38,7016
2026-07-08T06:00:00+00:00,2977.38,2977.38,2968.73,2971.86,6560
2026-07-08T07:00:00+00:00,2971.86,2976.88,2965.07,2971.02,9405
2026-07-08T08:00:00+00:00,2971.02,2973.38,2936.92,2940.08,30994
2026-07-08T09:00:00+00:00,2940.08,2942.42,2934.31,2938.23,16409
2026-07-08T10:00:00+00:00,2938.23,2949.07,2936.92,2946.53,10353
2026-07-08T11:00:00+00:00,2946.53,2963.88,2944.03,2957.61,13157
2026-07-08T12:00:00+00:00,2957.61,2967.83,2954.68,2960.68,10269
2026-07-08T13:00:00+00:00,2960.68,2972.07,2957.12,2968.26,45556
2026-07-08T14:00:00+00:00,2968.26,2970.58,2941.36,2943.67,63214
2026-07-08T15:00:00+00:00,2943.67,2945.77,2927.58,2930.43,43668
2026-07-08T16:00:00+00:00,2930.43,2951.43,2930.42,2950.67,35890
2026-07-08T17:00:00+00:00,2950.67,2957.62,2944.92,2950.81,21656
2026-07-08T18:00:00+00:00,2950.81,2956.62,2948.61,2954.32,15509
2026-07-08T19:00:00+00:00,2954.32,2959.63,2944.98,2954.73,18926
2026-07-08T20:00:00+00:00,2954.73,2955.73,2946.22,2947.66,6898
2026-07-08T22:00:00+00:00,2947.66,2952.74,2947.66,2950.41,2345
2026-07-08T23:00:00+00:00,2950.41,2954.6,2948.9,2953.51,2504.53716370269
2026-07-09T00:00:00+00:00,2953.51,2962.17,2952.5,2960.9,8734
2026-07-09T01:00:00+00:00,2960.9,2964.05,2958.81,2961.7200000000003,7155
2026-07-09T02:00:00+00:00,2961.7200000000003,2967.5,2957.57,2958.75,7298
2026-07-09T03:00:00+00:00,2958.75,2963.42,2957.17,2962.61,7053
2026-07-09T04:00:00+00:00,2962.61,2964.71,2960.2,2963.87,4641
2026-07-09T05:00:00+00:00,2963.87,2968.95,2960.9700000000003,2968.62,7552
2026-07-09T06:00:00+00:00,2968.62,2969.07,2965.42,2966.05,4797
2026-07-09T07:00:00+00:00,2966.05,2970.92,2964.3,2967.45,5568
2026-07-09T08:00:00+00:00,2967.45,2968.82,2962.05,2963.01,6524
2026-07-09T09:00:00+00:00,2963.01,2963.4700000000003,2955.9,2960.31,5685
2026-07-09T10:00:00+00:00,2960.31,2962.5,2952.67,2956.81,5635
2026-07-09T11:00:00+00:00,2956.81,2963.77,2955.7200000000003,2962.66,6785
2026-07-09T12:00:00+00:00,2962.66,2970.41,2962.32,2966.61,6051
2026-07-09T13:00:00+00:00,2966.61,2987.2200000000003,2966.4700000000003,2985.17,35824
2026-07-09T14:00:00+00:00,2985.17,2995.9700000000003,2975.82,2995.1,54343
2026-07-09T15:00:00+00:00,2995.1,2997.01,2986.81,2989.4,27326
2026-07-09T16:00:00+00:00,2989.4,2993.96,2989.4,2992.5,15530
2026-07-09T17:00:00+00:00,2992.5,2999.32,2992.21,2996.75,12061
2026-07-09T18:00:00+00:00,2996.75,2999.27,2993.67,2997.56,12749
2026-07-09T19:00:00+00:00,2997.56,2998.07,2990.4700000000003,2993.7200000000003,15855
2026-07-09T20:00:00+00:00,2993.7200000000003,2995.71,2989.36,2989.62,3038
2026-07-09T22:00:00+00:00,2989.62,2993.05,2989.62,2990.34,1357
2026-07-09T23:00:00+00:00,2990.34,2991.44,2988.9,2989.54,1360
2026-07-10T00:00:00+00:00,2989.54,2990.2,2981.73,2984.73,5174
2026-07-10T01:00:00+00:00,2984.73,2987.48,2982.1,2985.7,3412
2026-07-10T02:00:00+00:00,2985.7,2987.2400000000002,2983.95,2986.89,2796
2026-07-10T03:00:00+00:00,2986.89,2988.44,2985.54,2987.05,1632
2026-07-10T04:00:00+00:00,2987.05,2987.59,2984.78,2985.19,1820
2026-07-10T05:00:00+00:00,2985.19,2987.1,2984.28,2986.08,2575
2026-07-10T06:00:00+00:00,2986.08,2989.54,2985.7400000000002,2988.2,3386
2026-07-10T07:00:00+00:00,2988.2,2990.54,2986.03,2987.34,3650
2026-07-10T08:00:00+00:00,2987.34,2991.15,2983.54,2985.15,3955
2026-07-10T09:00:00+00:00,2985.15,2988.39,2982.79,2987.79,3171
2026-07-10T10:00:00+00:00,2987.79,2991.95,2987.79,2991.25,2107
2026-07-10T11:00:00+00:00,2991.25,2994.2400000000002,2989.08,2991.48,3067
2026-07-10T12:00:00+00:00,2991.48,3004,2989.29,2997.14,6859
2026-07-10T13:00:00+00:00,2997.14,3002.38,2975.84,2982.44,29749
2026-07-10T14:00:00+00:00,2982.44,2984.2,2958.3,2967.83,45761
2026-07-10T15:00:00+00:00,2967.83,2976.2,2965.19,2972.2,28247
2026-07-10T16:00:00+00:00,2972.2,2977.9,2969.23,2977.59,13034
2026-07-10T17:00:00+00:00,2977.59,2984.04,2975.2400000000002,2981.33,8889.608847633383
2026-07-10T18:00:00+00:00,2981.33,2984.6800000000003,2977.42,2978.63,8546
2026-07-10T19:00:00+00:00,2978.63,2982.44,2977.2200000000003,2979.38,11400
2026-07-10T20:00:00+00:00,2979.38,2982.14,2977.83,2981.57,2013
2026-07-12T22:00:00+00:00,2981.57,2981.57,2959.9500000000003,2968.21,2973
2026-07-12T23:00:00+00:00,2968.21,2968.2200000000003,2963.35,2965.9500000000003,2518
2026-07-13T00:00:00+00:00,2965.9500000000003,2973.81,2962.6600000000003,2964.27,8698
2026-07-13T01:00:00+00:00,2964.27,2964.46,2957.5,2960.1600000000003,8248
2026-07-13T02:00:00+00:00,2960.1600000000003,2966.86,2958.32,2963.86,4685
2026-07-13T03:00:00+00:00,2963.86,2964.07,2958.31,2958.9500000000003,3071
2026-07-13T04:00:00+00:00,2958.9500000000003,2958.9500000000003,2955.56,2956.35,2624
2026-07-13T05:00:00+00:00,2956.35,2960.06,2952.25,2959.77,6052
2026-07-13T06:00:00+00:00,2959.77,2967.02,2957.9100000000003,2966.67,4688
2026-07-13T07:00:00+00:00,2966.67,2973.52,2966.3,2972.9,5387
2026-07-13T08:00:00+00:00,2972.9,2980.27,2972.55,2979.27,4867
2026-07-13T09:00:00+00:00,2979.27,2981.12,2977.35,2977.85,2988
2026-07-13T10:00:00+00:00,2977.85,2977.92,2974.07,2976.01,3051
2026-07-13T11:00:00+00:00,2976.01,2978.42,2968.65,2970.4700000000003,4288
2026-07-13T12:00:00+00:00,2970.4700000000003,2974.2200000000003,2966.8,2972.4500000000003,5795
2026-07-13T13:00:00+00:00,2972.4500000000003,2978.62,2964.25,2974.06,35801
2026-07-13T14:00:00+00:00,2974.06,2976.6600000000003,2948.87,2967,50011
2026-07-13T15:00:00+00:00,2967,2969.11,2959.6,2960.7200000000003,22140
2026-07-13T16:00:00+00:00,2960.7200000000003,2963.9100000000003,2949.6,2956.21,27726
2026-07-13T17:00:00+00:00,2956.21,2960.9700000000003,2949.8,2950.71,20844
2026-07-13T18:00:00+00:00,2950.71,2957.4,2947.86,2953.3,21064
2026-07-13T19:00:00+00:00,2953.3,2956.27,2947.1600000000003,2955.46,22086
2026-07-13T20:00:00+00:00,2955.46,2955.87,2948.46,2950.75,3965
2026-07-13T22:00:00+00:00,2950.75,2955.9300000000003,2948.42,2948.9700000000003,2748
2026-07-13T23:00:00+00:00,2948.9700000000003,2951.82,2945.6600000000003,2951.58,3761
2026-07-14T00:00:00+00:00,2951.58,2953.6800000000003,2942.21,2951.9700000000003,19804
2026-07-14T01:00:00+00:00,2951.9700000000003,2954.77,2948.51,2949.48,10841
2026-07-14T02:00:00+00:00,2949.48,2952.57,2944.9700000000003,2945.76,8704
2026-07-14T03:00:00+00:00,2945.76,2948.42,2942.86,2947.87,8465
2026-07-14T04:00:00+00:00,2947.87,2955.58,2945.13,2954.9700000000003,5646
2026-07-14T05:00:00+00:00,2954.9700000000003,2962.03,2954.11,2959.37,5625
2026-07-14T06:00:00+00:00,2959.37,2960.77,2951.46,2951.51,4656
2026-07-14T07:00:00+00:00,2951.51,2957.26,2946.83,2952.01,10023
2026-07-14T08:00:00+00:00,2952.01,2954.53,2947.03,2947.77,8782
2026-07-14T09:00:00+00:00,2947.77,2954.48,2946.26,2951.52,6829
2026-07-14T10:00:00+00:00,2951.52,2958.63,2950.81,2954.42,6018
2026-07-14T11:00:00+00:00,2954.42,2961.23,2951.32,2957.27,10784
2026-07-14T12:00:00+00:00,2957.27,3013.77,2951.07,2976.63,19485
2026-07-14T13:00:00+00:00,2976.63,2981.42,2966.86,2969.83,44120
2026-07-14T14:00:00+00:00,2969.83,2980.33,2958.1600000000003,2966.7200000000003,52021
2026-07-14T15:00:00+00:00,2966.7200000000003,2974.67,2960.21,2967.26,32519
2026-07-14T16:00:00+00:00,2967.26,2969.83,2963.31,2965.7200000000003,19030
2026-07-14T17:00:00+00:00,2965.7200000000003,2966.87,2961.9300000000003,2965.01,12871
2026-07-14T18:00:00+00:00,2965.01,2969.02,2961.36,2964.83,11180
2026-07-14T19:00:00+00:00,2964.83,2967.28,2960.87,2965.87,16318
2026-07-14T20:00:00+00:00,2965.87,2968.1800000000003,2963.26,2967.27,2697
2026-07-14T22:00:00+00:00,2967.27,2967.29,2960.98,2965.53,1518
2026-07-14T23:00:00+00:00,2965.53,2971.6,2964.7400000000002,2970.9,2100
2026-07-15T00:00:00+00:00,2970.9,2971.4900000000002,2964.04,2968.9300000000003,6643
2026-07-15T01:00:00+00:00,2968.9300000000003,2969.89,2964.5,2968.25,6098
2026-07-15T02:00:00+00:00,2968.25,2969.59,2967.23,2967.7000000000003,2590
2026-07-15T03:00:00+00:00,2967.7000000000003,2970.63,2966.9300000000003,2969.79,1904
2026-07-15T04:00:00+00:00,2969.79,2971.23,2969.64,2970.4300000000003,1626
2026-07-15T05:00:00+00:00,2970.4300000000003,2973.6,2967.83,2971.55,5581
2026-07-15T06:00:00+00:00,2971.55,2971.85,2969.2400000000002,2969.88,3654
2026-07-15T07:00:00+00:00,2969.88,2970.15,2962.9300000000003,2967.33,6370
2026-07-15T08:00:00+00:00,2967.33,2971.38,2963.59,2971.33,5950
2026-07-15T09:00:00+00:00,2971.33,2974.9,2967.73,2968.1800000000003,3823
2026-07-15T10:00:00+00:00,2968.1800000000003,2969.7000000000003,2965.08,2965.65,4400
2026-07-15T11:00:00+00:00,2965.65,2968.3,2963.63,2965.19,4750
2026-07-15T12:00:00+00:00,2965.19,2978.1,2961.79,2975.33,7590
2026-07-15T13:00:00+00:00,2975.33,2982.19,2966.05,2978.34,32187
2026-07-15T14:00:00+00:00,2978.34,2988.39,2976.25,2987.1,47703
2026-07-15T15:00:00+00:00,2987.1,2992.54,2976.6800000000003,2978.5,26428
2026-07-15T16:00:00+00:00,2978.5,2979.69,2962.7000000000003,2972.39,25735
2026-07-15T17:00:00+00:00,2972.39,2984.78,2971.58,2984.5,18224
2026-07-15T18:00:00+00:00,2984.5,2985.4,2973.08,2973.84,15585.567344804786
2026-07-15T19:00:00+00:00,2973.84,2980.1800000000003,2972.1800000000003,2979.29,21257
2026-07-15T20:00:00+00:00,2979.29,2981.8900000000003,2976.84,2980.2400000000002,2923
2026-07-15T22:00:00+00:00,2980.2400000000002,2981.61,2978.1000000000004,2979.7000000000003,1847
2026-07-15T23:00:00+00:00,2979.7000000000003,2982.1200000000003,2979.3,2979.81,1685
2026-07-16T00:00:00+00:00,2979.81,2985.4100000000003,2979.26,2979.71,8512
2026-07-16T01:00:00+00:00,2979.71,2980.11,2975.21,2977.42,7490
2026-07-16T02:00:00+00:00,2977.42,2981.96,2975.21,2981.71,5226
2026-07-16T03:00:00+00:00,2981.71,2983.61,2980.96,2983.42,4152
2026-07-16T04:00:00+00:00,2983.42,2984.86,2980.81,2982.06,3549
2026-07-16T05:00:00+00:00,2982.06,2988.02,2981.1000000000004,2981.65,6284
2026-07-16T06:00:00+00:00,2981.65,2983.9700000000003,2978.4,2981.7200000000003,6997
2026-07-16T07:00:00+00:00,2981.7200000000003,2982.1000000000004,2966.32,2967.4700000000003,7238
2026-07-16T08:00:00+00:00,2967.4700000000003,2970.92,2962.77,2970.75,8014
2026-07-16T09:00:00+00:00,2970.75,2972.5,2965.71,2967.3,6244
2026-07-16T10:00:00+00:00,2967.3,2968.8700000000003,2964.81,2966.96,5576
2026-07-16T11:00:00+00:00,2966.96,2969.81,2959.15,2968.27,9149
2026-07-16T12:00:00+00:00,2968.27,2968.82,2961.2000000000003,2963.4500000000003,9384
2026-07-16T13:00:00+00:00,2963.4500000000003,2988.76,2962.6600000000003,2986.01,33720
2026-07-16T14:00:00+00:00,2986.01,2999.11,2984.9500000000003,2992.8,44291
2026-07-16T15:00:00+00:00,2992.8,2994.55,2983.6600000000003,2985.55,31845
2026-07-16T16:00:00+00:00,2985.55,2987.1600000000003,2974.2200000000003,2981.92,30987
2026-07-16T17:00:00+00:00,2981.92,2983.07,2969.76,2970.7000000000003,23367
2026-07-16T18:00:00+00:00,2970.7000000000003,2978.96,2968.5,2970.86,25360
2026-07-16T19:00:00+00:00,2970.86,2978.2000000000003,2964.42,2977.77,30249
2026-07-16T20:00:00+00:00,2977.77,2978.71,2974.05,2977.96,5217
2026-07-16T22:00:00+00:00,2977.96,2979.61,2975.5,2976.06,1556
2026-07-16T23:00:00+00:00,2976.06,2976.5,2972.8,2973.36,1848
2026-07-17T00:00:00+00:00,2973.36,2974.34,2967.36,2970.2400000000002,5025
2026-07-17T01:00:00+00:00,2970.2400000000002,2972.04,2961.7400000000002,2963.25,4080
2026-07-17T02:00:00+00:00,2963.25,2964.26,2960.1600000000003,2961.71,2548
2026-07-17T03:00:00+00:00,2961.71,2967.6600000000003,2960.3900000000003,2960.55,2640
2026-07-17T04:00:00+00:00,2960.55,2960.65,2952.25,2954.84,3891
2026-07-17T05:00:00+00:00,2954.84,2955.1000000000004,2949.51,2953.8500000000004,3948
2026-07-17T06:00:00+00:00,2953.8500000000004,2962.25,2953.75,2955.94,4119
2026-07-17T07:00:00+00:00,2955.94,2960.31,2954.7400000000002,2956.69,5587
2026-07-17T08:00:00+00:00,2956.69,2961.59,2947.59,2952.44,7552
2026-07-17T09:00:00+00:00,2952.44,2959.51,2951.4900000000002,2959.2400000000002,4479
2026-07-17T10:00:00+00:00,2959.2400000000002,2962.65,2956.5,2961.04,4027
2026-07-17T11:00:00+00:00,2961.04,2962.2000000000003,2957.5,2959.9,3848
2026-07-17T12:00:00+00:00,2959.9,2960.6000000000004,2949.94,2950.9500000000003,4369
2026-07-17T13:00:00+00:00,2950.9500000000003,2969.26,2935.9500000000003,2966.4100000000003,41814
2026-07-17T14:00:00+00:00,2966.4100000000003,2981.09,2964.04,2965.36,49125
2026-07-17T15:00:00+00:00,2965.36,2966.29,2953.4500000000003,2963.19,42145
2026-07-17T16:00:00+00:00,2963.19,2969.96,2957.7400000000002,2967.86,26059
2026-07-17T17:00:00+00:00,2967.86,2974.26,2961.55,2962.15,19793
2026-07-17T18:00:00+00:00,2962.15,2963.8500000000004,2953.2400000000002,2957.56,24638
2026-07-17T19:00:00+00:00,2957.56,2962.8900000000003,2948.6400000000003,2960.4100000000003,28281
2026-07-17T20:00:00+00:00,2960.4100000000003,2960.4100000000003,2954.4900000000002,2959.3900000000003,3807
2026-07-19T22:00:00+00:00,2959.3900000000003,2964.6500000000005,2953.8800000000006,2962.0300000000007,4792
2026-07-19T23:00:00+00:00,2962.0300000000007,2965.1300000000006,2958.7300000000005,2964.6900000000005,3826
2026-07-20T00:00:00+00:00,2964.6900000000005,2969.9500000000003,2960.2500000000005,2966.8500000000004,8501
2026-07-20T01:00:00+00:00,2966.8500000000004,2970.7900000000004,2959.4000000000005,2961.8000000000006,8734
2026-07-20T02:00:00+00:00,2961.8000000000006,2966.4400000000005,2959.7300000000005,2964.7000000000003,6702
2026-07-20T03:00:00+00:00,2964.7000000000003,2966.8300000000004,2962.3500000000004,2964.7300000000005,5042
2026-07-20T04:00:00+00:00,2964.7300000000005,2970.6400000000003,2962.0000000000005,2967.9800000000005,4415
2026-07-20T05:00:00+00:00,2967.9800000000005,2968.3900000000003,2961.4300000000003,2962.1400000000003,5150
2026-07-20T06:00:00+00:00,2962.1400000000003,2964.3800000000006,2959.4300000000003,2961.5000000000005,5057
2026-07-20T07:00:00+00:00,2961.5000000000005,2975.0300000000007,2961.5000000000005,2973.0000000000005,7978
2026-07-20T08:00:00+00:00,2973.0000000000005,2976.5900000000006,2972.5400000000004,2974.0400000000004,4985
2026-07-20T09:00:00+00:00,2974.0400000000004,2977.9400000000005,2973.1400000000003,2975.5500000000006,3594
2026-07-20T10:00:00+00:00,2975.5500000000006,2978.6000000000004,2972.4000000000005,2976.6400000000003,3418
2026-07-20T11:00:00+00:00,2976.6400000000003,2991.4500000000003,2976.5300000000007,2983.3300000000004,8598
2026-07-20T12:00:00+00:00,2983.3300000000004,2983.5400000000004,2972.1300000000006,2973.8000000000006,7233
2026-07-20T13:00:00+00:00,2973.8000000000006,2985.3000000000006,2970.9300000000003,2972.9900000000002,27858
2026-07-20T14:00:00+00:00,2972.9900000000002,2975.1400000000003,2950.8400000000006,2953.6400000000003,41028
2026-07-20T15:00:00+00:00,2953.6400000000003,2966.9000000000005,2951.0300000000007,2961.8400000000006,28130
2026-07-20T16:00:00+00:00,2961.8400000000006,2970.0000000000005,2957.1800000000003,2961.4500000000003,21567
2026-07-20T17:00:00+00:00,2961.4500000000003,2964.3400000000006,2958.0500000000006,2963.0800000000004,18624
2026-07-20T18:00:00+00:00,2963.0800000000004,2967.6500000000005,2956.0300000000007,2957.3400000000006,20640
2026-07-20T19:00:00+00:00,2957.3400000000006,2958.7500000000005,2947.1800000000003,2948.7800000000007,27009
2026-07-20T20:00:00+00:00,2948.7800000000007,2951.1400000000003,2945.6400000000003,2949.2000000000003,3659
2026-07-20T22:00:00+00:00,2949.2000000000003,2950.1400000000003,2944.3100000000004,2946.8400000000006,1774
2026-07-20T23:00:00+00:00,2946.8400000000006,2953.4600000000005,2946.8400000000006,2950.1500000000005,3018
2026-07-21T00:00:00+00:00,2950.1500000000005,2955.4600000000005,2945.4000000000005,2954.4400000000005,11984
2026-07-21T01:00:00+00:00,2954.4400000000005,2957.4600000000005,2951.9000000000005,2953.1600000000003,8489
2026-07-21T02:00:00+00:00,2953.1600000000003,2958.0900000000006,2951.3500000000004,2957.9000000000005,6045
2026-07-21T03:00:00+00:00,2957.9000000000005,2964.4600000000005,2957.7900000000004,2964.2400000000002,3408
2026-07-21T04:00:00+00:00,2964.2400000000002,2966.6500000000005,2964.0900000000006,2965.1500000000005,3502
2026-07-21T05:00:00+00:00,2965.1500000000005,2968.76,2962.3900000000003,2967.3600000000006,3515
2026-07-21T06:00:00+00:00,2967.3600000000006,2970.1100000000006,2966.0000000000005,2969.0600000000004,4992
2026-07-21T07:00:00+00:00,2969.0600000000004,2972.2400000000002,2964.9600000000005,2970.0400000000004,6316
2026-07-21T08:00:00+00:00,2970.0400000000004,2975.0900000000006,2969.0900000000006,2973.6100000000006,5691
2026-07-21T09:00:00+00:00,2973.6100000000006,2975.51,2968.1400000000003,2968.4600000000005,3958
2026-07-21T10:00:00+00:00,2968.4600000000005,2972.8900000000003,2966.3000000000006,2967.5500000000006,6342
2026-07-21T11:00:00+00:00,2967.5500000000006,2968.0000000000005,2960.4400000000005,2961.9000000000005,5163
2026-07-21T12:00:00+00:00,2961.9000000000005,2963.8900000000003,2955.7500000000005,2959.3500000000004,6630
2026-07-21T13:00:00+00:00,2959.3500000000004,2970.9100000000003,2952.3500000000004,2960.6500000000005,34598
2026-07-21T14:00:00+00:00,2960.6500000000005,2977.4600000000005,2959.6400000000003,2971.5500000000006,35153
2026-07-21T15:00:00+00:00,2971.5500000000006,2980.9500000000003,2967.4100000000003,2979.3000000000006,20409
2026-07-21T16:00:00+00:00,2979.3000000000006,2988.3500000000004,2978.8900000000003,2986.7900000000004,10391
2026-07-21T17:00:00+00:00,2986.7900000000004,2988.9100000000003,2981.5400000000004,2986.5400000000004,9448
2026-07-21T18:00:00+00:00,2986.5400000000004,2988.5500000000006,2983.8900000000003,2984.8600000000006,8818
2026-07-21T19:00:00+00:00,2984.8600000000006,2992.9600000000005,2983.3000000000006,2990.4600000000005,12864
2026-07-21T20:00:00+00:00,2990.4600000000005,2991.0000000000005,2987.6400000000003,2989.7000000000003,2444
2026-07-21T22:00:00+00:00,2989.7000000000003,2990.51,2988.26,2989.2100000000005,1504
2026-07-21T23:00:00+00:00,2989.2100000000005,2991.0200000000004,2988.6000000000004,2990.5600000000004,1731
2026-07-22T00:00:00+00:00,2990.5600000000004,2991.8700000000003,2986.8500000000004,2989.1700000000005,6455
2026-07-22T01:00:00+00:00,2989.1700000000005,2989.7700000000004,2984.5500000000006,2987.7500000000005,4555
2026-07-22T02:00:00+00:00,2987.7500000000005,2989.4200000000005,2986.4100000000003,2987.9600000000005,4429
2026-07-22T03:00:00+00:00,2987.9600000000005,2989.1700000000005,2984.2200000000003,2984.76,4408
2026-07-22T04:00:00+00:00,2984.76,2986.5000000000005,2984.2700000000004,2986.0000000000005,3046
2026-07-22T05:00:00+00:00,2986.0000000000005,2986.1700000000005,2983.26,2984.2100000000005,5444
2026-07-22T06:00:00+00:00,2984.2100000000005,2984.6600000000003,2975.2200000000003,2975.6200000000003,4571
2026-07-22T07:00:00+00:00,2975.6200000000003,2980.1700000000005,2973.1100000000006,2976.01,7902
2026-07-22T08:00:00+00:00,2976.01,2984.8700000000003,2975.6000000000004,2984.5700000000006,7672
2026-07-22T09:00:00+00:00,2984.5700000000006,2987.0200000000004,2978.3500000000004,2981.8200000000006,5835
2026-07-22T10:00:00+00:00,2981.8200000000006,2984.9000000000005,2981.3500000000004,2982.3600000000006,5812
2026-07-22T11:00:00+00:00,2982.3600000000006,2985.26,2973.0700000000006,2976.1200000000003,7210
2026-07-22T12:00:00+00:00,2976.1200000000003,2980.9200000000005,2970.5200000000004,2976.1700000000005,7497
2026-07-22T13:00:00+00:00,2976.1700000000005,2989.6100000000006,2976.0600000000004,2985.4500000000003,32376
2026-07-22T14:00:00+00:00,2985.4500000000003,2986.6500000000005,2964.2500000000005,2965.76,39324
2026-07-22T15:00:00+00:00,2965.76,2976.6700000000005,2965.76,2972.6000000000004,21471
2026-07-22T16:00:00+00:00,2972.6000000000004,2974.7700000000004,2968.7700000000004,2970.7200000000003,14073
2026-07-22T17:00:00+00:00,2970.7200000000003,2971.5200000000004,2967.1000000000004,2968.6000000000004,12042
2026-07-22T18:00:00+00:00,2968.6000000000004,2969.6200000000003,2963.7000000000003,2965.0500000000006,12377
2026-07-22T19:00:00+00:00,2965.0500000000006,2965.1000000000004,2958.6100000000006,2961.9100000000003,15157
2026-07-22T20:00:00+00:00,2961.9100000000003,2966.8000000000006,2961.7100000000005,2966.7100000000005,7421
2026-07-22T22:00:00+00:00,2966.7100000000005,2968.2100000000005,2955.9200000000005,2958.5700000000006,3231
2026-07-22T23:00:00+00:00,2958.5700000000006,2962.1000000000004,2956.4200000000005,2962.01,2025
2026-07-23T00:00:00+00:00,2962.01,2970.6700000000005,2961.2000000000003,2969.5200000000004,4817
2026-07-23T01:00:00+00:00,2969.5200000000004,2972.4600000000005,2965.3000000000006,2965.3500000000004,5042
2026-07-23T02:00:00+00:00,2965.3500000000004,2967.1600000000003,2962.8000000000006,2965.01,3914
2026-07-23T03:00:00+00:00,2965.01,2965.26,2959.01,2962.6700000000005,3655
2026-07-23T04:00:00+00:00,2962.6700000000005,2965.3600000000006,2960.3100000000004,2961.76,3274
2026-07-23T05:00:00+00:00,2961.76,2967.0500000000006,2959.6500000000005,2959.9100000000003,4206
2026-07-23T06:00:00+00:00,2959.9100000000003,2963.0200000000004,2959.5500000000006,2959.6700000000005,4183
2026-07-23T07:00:00+00:00,2959.6700000000005,2959.9600000000005,2950.3200000000006,2955.3200000000006,9909
2026-07-23T08:00:00+00:00,2955.3200000000006,2962.4700000000003,2950.8100000000004,2962.3500000000004,6938
2026-07-23T09:00:00+00:00,2962.3500000000004,2965.8500000000004,2957.5600000000004,2960.0700000000006,5467
2026-07-23T10:00:00+00:00,2960.0700000000006,2965.8000000000006,2957.3500000000004,2964.3100000000004,4806
2026-07-23T11:00:00+00:00,2964.3100000000004,2964.8600000000006,2947.0500000000006,2953.4700000000003,7968
2026-07-23T12:00:00+00:00,2953.4700000000003,2953.4700000000003,2933.1100000000006,2936.5500000000006,12120
2026-07-23T13:00:00+00:00,2936.5500000000006,2954.6000000000004,2926.9100000000003,2939.1200000000003,44131
2026-07-23T14:00:00+00:00,2939.1200000000003,2950.3000000000006,2937.3500000000004,2943.8100000000004,56886
2026-07-23T15:00:00+00:00,2943.8100000000004,2944.8700000000003,2925.5500000000006,2937.9600000000005,41662
2026-07-23T16:00:00+00:00,2937.9600000000005,2944.4700000000003,2935.6500000000005,2941.3700000000003,28587
2026-07-23T17:00:00+00:00,2941.3700000000003,2942.7500000000005,2933.4500000000003,2934.1600000000003,28917
2026-07-23T18:00:00+00:00,2934.1600000000003,2938.5200000000004,2932.01,2937.1200000000003,22000
2026-07-23T19:00:00+00:00,2937.1200000000003,2945.9100000000003,2934.7700000000004,2944.9200000000005,22593
2026-07-23T20:00:00+00:00,2944.9200000000005,2946.8000000000006,2942.2200000000003,2942.6000000000004,4938
2026-07-23T22:00:00+00:00,2942.6000000000004,2943.9700000000003,2939.26,2942.4200000000005,2762
2026-07-23T23:00:00+00:00,2942.4200000000005,2942.8600000000006,2938.6200000000003,2940.1000000000004,4783
2026-07-24T00:00:00+00:00,2940.1000000000004,2945.3200000000006,2938.3100000000004,2945.1200000000003,13453
2026-07-24T01:00:00+00:00,2945.1200000000003,2947.51,2943.7000000000003,2943.9000000000005,9349
2026-07-24T02:00:00+00:00,2943.9000000000005,2945.1700000000005,2938.26,2938.4000000000005,6993
2026-07-24T03:00:00+00:00,2938.4000000000005,2940.4700000000003,2937.3600000000006,2938.5700000000006,7861
2026-07-24T04:00:00+00:00,2938.5700000000006,2940.1200000000003,2936.5000000000005,2939.3200000000006,6562
2026-07-24T05:00:00+00:00,2939.3200000000006,2943.6700000000005,2938.4600000000005,2940.1700000000005,8184
2026-07-24T06:00:00+00:00,2940.1700000000005,2943.6600000000003,2937.9600000000005,2942.4000000000005,8945
2026-07-24T07:00:00+00:00,2942.4000000000005,2952.4500000000003,2942.0500000000006,2948.51,10304
2026-07-24T08:00:00+00:00,2948.51,2952.3100000000004,2946.0500000000006,2951.4600000000005,10296
2026-07-24T09:00:00+00:00,2951.4600000000005,2957.0600000000004,2950.8100000000004,2956.7000000000003,6721
2026-07-24T10:00:00+00:00,2956.7000000000003,2958.9000000000005,2954.6600000000003,2957.4600000000005,4682
2026-07-24T11:00:00+00:00,2957.4600000000005,2963.2000000000003,2953.7000000000003,2960.3500000000004,7444
2026-07-24T12:00:00+00:00,2960.3500000000004,2960.5700000000006,2954.5000000000005,2955.2000000000003,8459
2026-07-24T13:00:00+00:00,2955.2000000000003,2959.3200000000006,2937.0500000000006,2939.3100000000004,35290
2026-07-24T14:00:00+00:00,2939.3100000000004,2946.0700000000006,2928.2000000000003,2941.4100000000003,53602
2026-07-24T15:00:00+00:00,2941.4100000000003,2962.7000000000003,2938.4600000000005,2958.7000000000003,43571
2026-07-24T16:00:00+00:00,2958.7000000000003,2962.9100000000003,2946.9700000000003,2951.6100000000006,26674
2026-07-24T17:00:00+00:00,2951.6100000000006,2956.01,2943.8200000000006,2951.2200000000003,25294
2026-07-24T18:00:00+00:00,2951.2200000000003,2952.1000000000004,2937.0700000000006,2940.2700000000004,27231
2026-07-24T19:00:00+00:00,2940.2700000000004,2941.2200000000003,2931.6500000000005,2936.1600000000003,30316
2026-07-24T20:00:00+00:00,2936.1600000000003,2939.6700000000005,2934.6600000000003,2937.1600000000003,4473
2026-07-26T22:00:00+00:00,2937.1600000000003,2971.8600000000006,2937.1600000000003,2962.8400000000006,3965
2026-07-26T23:00:00+00:00,2962.8400000000006,2972.0500000000006,2960.9300000000003,2971.7900000000004,3314
2026-07-27T00:00:00+00:00,2971.7900000000004,2971.7900000000004,2959.8000000000006,2959.9900000000007,7229
2026-07-27T01:00:00+00:00,2959.9900000000007,2962.9900000000007,2956.6300000000006,2962.8900000000003,6228
2026-07-27T02:00:00+00:00,2962.8900000000003,2963.8000000000006,2960.7400000000007,2961.3800000000006,4138
2026-07-27T03:00:00+00:00,2961.3800000000006,2964.7300000000005,2961.3500000000004,2962.9000000000005,2862
2026-07-27T04:00:00+00:00,2962.9000000000005,2969.9000000000005,2962.9000000000005,2968.6800000000003,2532
2026-07-27T05:00:00+00:00,2968.6800000000003,2973.7500000000005,2968.4800000000005,2972.9300000000003,2372
2026-07-27T06:00:00+00:00,2972.9300000000003,2976.5000000000005,2972.2500000000005,2972.9400000000005,2962
2026-07-27T07:00:00+00:00,2972.9400000000005,2975.9400000000005,2968.6000000000004,2968.6000000000004,5027
2026-07-27T08:00:00+00:00,2968.6000000000004,2976.3500000000004,2968.2900000000004,2974.1400000000003,5003
2026-07-27T09:00:00+00:00,2974.1400000000003,2978.0400000000004,2972.4400000000005,2975.8900000000003,3147
2026-07-27T10:00:00+00:00,2975.8900000000003,2977.0900000000006,2973.0800000000004,2975.7400000000007,2160
2026-07-27T11:00:00+00:00,2975.7400000000007,2975.8900000000003,2968.1800000000003,2968.7000000000003,3631
2026-07-27T12:00:00+00:00,2968.7000000000003,2970.5400000000004,2962.9800000000005,2967.7500000000005,4440
2026-07-27T13:00:00+00:00,2967.7500000000005,2980.3000000000006,2960.1800000000003,2968.8400000000006,33575
2026-07-27T14:00:00+00:00,2968.8400000000006,2969.9000000000005,2935.7000000000003,2957.7000000000003,50703
2026-07-27T15:00:00+00:00,2957.7000000000003,2957.8900000000003,2938.0300000000007,2940.6300000000006,36443
2026-07-27T16:00:00+00:00,2940.6300000000006,2957.0400000000004,2938.9900000000007,2944.6000000000004,33529
2026-07-27T17:00:00+00:00,2944.6000000000004,2949.5500000000006,2939.1800000000003,2949.3800000000006,24172
2026-07-27T18:00:00+00:00,2949.3800000000006,2952.4000000000005,2942.3300000000004,2951.5500000000006,22045
2026-07-27T19:00:00+00:00,2951.5500000000006,2959.2500000000005,2950.3500000000004,2954.3800000000006,20992
2026-07-27T20:00:00+00:00,2954.3800000000006,2958.8800000000006,2953.2000000000003,2955.4900000000007,2670
2026-07-27T22:00:00+00:00,2955.4900000000007,2956.8600000000006,2952.8800000000006,2953.2300000000005,2062
2026-07-27T23:00:00+00:00,2953.2300000000005,2954.7300000000005,2951.5100000000007,2953.5300000000007,5367
2026-07-28T00:00:00+00:00,2953.5300000000007,2954.7300000000005,2946.5600000000004,2947.3300000000004,14678
2026-07-28T01:00:00+00:00,2947.3300000000004,2949.6100000000006,2942.4600000000005,2946.0800000000004,10056
2026-07-28T02:00:00+00:00,2946.0800000000004,2946.5300000000007,2942.3600000000006,2944.0200000000004,9751
2026-07-28T03:00:00+00:00,2944.0200000000004,2951.7600000000007,2941.8100000000004,2951.5800000000004,11243
2026-07-28T04:00:00+00:00,2951.5800000000004,2951.5800000000004,2946.4600000000005,2947.0300000000007,8887
2026-07-28T05:00:00+00:00,2947.0300000000007,2949.0200000000004,2944.5200000000004,2945.6200000000003,8760
2026-07-28T06:00:00+00:00,2945.6200000000003,2951.4600000000005,2944.8800000000006,2950.6100000000006,9883
2026-07-28T07:00:00+00:00,2950.6100000000006,2953.8800000000006,2949.0200000000004,2950.1200000000003,10650
2026-07-28T08:00:00+00:00,2950.1200000000003,2957.4700000000007,2945.8100000000004,2954.2200000000007,11038
2026-07-28T09:00:00+00:00,2954.2200000000007,2956.2600000000007,2952.3100000000004,2953.0100000000007,6720
2026-07-28T10:00:00+00:00,2953.0100000000007,2953.7200000000007,2947.9100000000003,2951.9600000000005,7652
2026-07-28T11:00:00+00:00,2951.9600000000005,2956.8800000000006,2947.7700000000004,2955.1600000000003,11992
2026-07-28T12:00:00+00:00,2955.1600000000003,2961.0800000000004,2953.6100000000006,2957.8600000000006,10763
2026-07-28T13:00:00+00:00,2957.8600000000006,2959.5700000000006,2933.1300000000006,2936.3300000000004,38109
2026-07-28T14:00:00+00:00,2936.3300000000004,2946.2800000000007,2928.3600000000006,2939.5100000000007,55610
2026-07-28T15:00:00+00:00,2939.5100000000007,2961.6600000000003,2937.5800000000004,2958.7100000000005,40203
2026-07-28T16:00:00+00:00,2958.7100000000005,2962.5700000000006,2952.1700000000005,2962.0600000000004,24686
2026-07-28T17:00:00+00:00,2962.0600000000004,2963.0300000000007,2952.3800000000006,2955.8300000000004,22473
2026-07-28T18:00:00+00:00,2955.8300000000004,2958.2600000000007,2950.4800000000005,2955.6100000000006,20935
2026-07-28T19:00:00+00:00,2955.6100000000006,2962.3300000000004,2955.2100000000005,2959.2100000000005,19729
2026-07-28T20:00:00+00:00,2959.2100000000005,2961.7300000000005,2957.2600000000007,2959.8800000000006,5587
2026-07-28T22:00:00+00:00,2959.8800000000006,2961.7000000000003,2951.4000000000005,2955.1900000000005,4500
2026-07-28T23:00:00+00:00,2955.1900000000005,2970.3300000000004,2953.5300000000007,2969.3300000000004,7696
2026-07-29T00:00:00+00:00,2969.3300000000004,2972.5800000000004,2965.4400000000005,2965.7500000000005,10449
2026-07-29T01:00:00+00:00,2965.7500000000005,2966.7400000000007,2954.0400000000004,2954.0400000000004,11004
2026-07-29T02:00:00+00:00,2954.0400000000004,2957.3000000000006,2951.8900000000003,2954.7400000000007,10111
2026-07-29T03:00:00+00:00,2954.7400000000007,2956.9400000000005,2946.4300000000003,2947.5400000000004,7236
2026-07-29T04:00:00+00:00,2947.5400000000004,2951.7400000000007,2945.2300000000005,2951.6300000000006,10852
2026-07-29T05:00:00+00:00,2951.6300000000006,2957.5900000000006,2950.8000000000006,2956.1400000000003,9044
2026-07-29T06:00:00+00:00,2956.1400000000003,2965.5000000000005,2953.5500000000006,2964.5900000000006,7253
2026-07-29T07:00:00+00:00,2964.5900000000006,2965.9900000000007,2962.0500000000006,2964.9400000000005,7745
2026-07-29T08:00:00+00:00,2964.9400000000005,2968.1900000000005,2959.3000000000006,2967.0000000000005,7714
2026-07-29T09:00:00+00:00,2967.0000000000005,2970.76,2964.1400000000003,2967.96,5696
2026-07-29T10:00:00+00:00,2967.96,2969.1600000000003,2962.09,2962.7400000000002,6445
2026-07-29T11:00:00+00:00,2962.7400000000002,2967.15,2961.84,2965.84,5941
2026-07-29T12:00:00+00:00,2965.84,2966.3,2951.6000000000004,2954.2400000000002,10157
2026-07-29T13:00:00+00:00,2954.2400000000002,2960.11,2939.8,2942.96,31548
2026-07-29T14:00:00+00:00,2942.96,2951.69,2915.4,2922.4900000000002,52523
2026-07-29T15:00:00+00:00,2922.4900000000002,2927.46,2913.59,2917.59,36484
2026-07-29T16:00:00+00:00,2917.59,2919.3,2908.2000000000003,2916.65,28757
2026-07-29T17:00:00+00:00,2916.65,2926.76,2916.65,2925.9900000000002,26678
2026-07-29T18:00:00+00:00,2925.9900000000002,2959.84,2922.59,2956.9100000000003,62078
2026-07-29T19:00:00+00:00,2956.9100000000003,2961.3900000000003,2906.4900000000002,2910.25,58842
2026-07-29T20:00:00+00:00,2910.25,2911.04,2897.26,2897.6400000000003,15872
2026-07-29T22:00:00+00:00,2897.6400000000003,2910.65,2897.6400000000003,2908.96,5706
2026-07-29T23:00:00+00:00,2908.96,2916.51,2908.8700000000003,2914.9100000000003,6833
2026-07-30T00:00:00+00:00,2914.9100000000003,2921.4000000000005,2911.9500000000003,2915.8600000000006,15557
2026-07-30T01:00:00+00:00,2915.8600000000006,2924.4700000000003,2915.4600000000005,2922.7100000000005,10394
2026-07-30T02:00:00+00:00,2922.7100000000005,2924.3200000000006,2916.9600000000005,2916.9600000000005,6803
2026-07-30T03:00:00+00:00,2916.9600000000005,2919.6200000000003,2912.5600000000004,2915.0700000000006,9668
2026-07-30T04:00:00+00:00,2915.0700000000006,2915.9600000000005,2908.8000000000006,2909.26,8913
2026-07-30T05:00:00+00:00,2909.26,2916.5000000000005,2906.7000000000003,2911.5000000000005,11203
2026-07-30T06:00:00+00:00,2911.5000000000005,2912.5200000000004,2906.5000000000005,2909.9700000000003,9338
2026-07-30T07:00:00+00:00,2909.9700000000003,2920.1700000000005,2906.6500000000005,2911.5200000000004,15306
2026-07-30T08:00:00+00:00,2911.5200000000004,2921.5700000000006,2907.0200000000004,2917.1300000000006,11099
2026-07-30T09:00:00+00:00,2917.1300000000006,2923.1400000000003,2914.9300000000003,2915.1200000000003,8076
2026-07-30T10:00:00+00:00,2915.1200000000003,2925.8900000000003,2914.3200000000006,2922.7700000000004,8462
2026-07-30T11:00:00+00:00,2922.7700000000004,2929.4300000000003,2922.1200000000003,2928.4900000000002,7349
2026-07-30T12:00:00+00:00,2928.4900000000002,2933.1900000000005,2925.5700000000006,2928.5900000000006,10591
2026-07-30T13:00:00+00:00,2928.5900000000006,2941.3800000000006,2922.2300000000005,2936.1800000000003,37078
2026-07-30T14:00:00+00:00,2936.1800000000003,2937.5400000000004,2915.4700000000003,2919.3900000000003,53533
2026-07-30T15:00:00+00:00,2919.3900000000003,2933.1400000000003,2913.8300000000004,2930.9900000000002,45250
2026-07-30T16:00:00+00:00,2930.9900000000002,2937.8400000000006,2929.2300000000005,2936.7900000000004,26344
2026-07-30T17:00:00+00:00,2936.7900000000004,2940.6900000000005,2933.6200000000003,2938.2400000000002,19682
2026-07-30T18:00:00+00:00,2938.2400000000002,2942.8700000000003,2936.8800000000006,2942.5200000000004,14898
2026-07-30T19:00:00+00:00,2942.5200000000004,2952.9900000000002,2942.4400000000005,2949.7700000000004,20406
2026-07-30T20:00:00+00:00,2949.7700000000004,2953.6300000000006,2947.8800000000006,2950.8200000000006,8665
2026-07-30T22:00:00+00:00,2950.8200000000006,2956.4000000000005,2948.7000000000003,2956.1000000000004,3616
2026-07-30T23:00:00+00:00,2956.1000000000004,2957.9100000000003,2954.9000000000005,2955.5700000000006,2840
2026-07-31T00:00:00+00:00,2955.5700000000006,2961.3100000000004,2954.2000000000003,2960.4600000000005,6250
2026-07-31T01:00:00+00:00,2960.4600000000005,2964.1100000000006,2959.0000000000005,2960.8000000000006,4906
2026-07-31T02:00:00+00:00,2960.8000000000006,2961.8200000000006,2958.2100000000005,2959.7700000000004,3824
2026-07-31T03:00:00+00:00,2959.7700000000004,2961.6200000000003,2957.4700000000003,2961.4100000000003,4766
2026-07-31T04:00:00+00:00,2961.4100000000003,2965.7700000000004,2959.26,2965.5600000000004,3020
2026-07-31T05:00:00+00:00,2965.5600000000004,2966.1700000000005,2963.3000000000006,2964.6600000000003,2054
2026-07-31T06:00:00+00:00,2964.6600000000003,2966.1600000000003,2959.76,2961.7000000000003,4733
2026-07-31T07:00:00+00:00,2961.7000000000003,2969.7700000000004,2961.0600000000004,2967.4200000000005,7899
2026-07-31T08:00:00+00:00,2967.4200000000005,2970.2000000000003,2965.2100000000005,2965.6200000000003,6352
2026-07-31T09:00:00+00:00,2965.6200000000003,2971.8500000000004,2963.4500000000003,2963.8100000000004,4695
2026-07-31T10:00:00+00:00,2963.8100000000004,2967.2100000000005,2962.5500000000006,2967.1100000000006,4217
2026-07-31T11:00:00+00:00,2967.1100000000006,2969.3100000000004,2958.9500000000003,2962.3600000000006,7151
2026-07-31T12:00:00+00:00,2962.3600000000006,2962.5200000000004,2955.4500000000003,2956.2000000000003,7039
2026-07-31T13:00:00+00:00,2956.2000000000003,2963.3000000000006,2923.0500000000006,2923.3000000000006,38077
2026-07-31T14:00:00+00:00,2923.3000000000006,2929.8700000000003,2901.0600000000004,2927.8200000000006,63148
2026-07-31T15:00:00+00:00,2927.8200000000006,2932.01,2916.01,2927.9000000000005,47817
2026-07-31T16:00:00+00:00,2927.9000000000005,2934.9600000000005,2920.1100000000006,2933.5500000000006,32082
2026-07-31T17:00:00+00:00,2933.5500000000006,2941.8200000000006,2931.3200000000006,2938.5600000000004,23455
2026-07-31T18:00:00+00:00,2938.5600000000004,2941.0700000000006,2935.7500000000005,2938.3600000000006,18489
2026-07-31T19:00:00+00:00,2938.3600000000006,2941.8700000000003,2932.5000000000005,2934.8200000000006,24289
2026-07-31T20:00:00+00:00,2934.8200000000006,2936.5600000000004,2930.5500000000006,2932.3000000000006,5498
2026-08-02T22:00:00+00:00,2932.3000000000006,2956.7700000000004,2932.3000000000006,2947.3800000000006,3922
2026-08-02T23:00:00+00:00,2947.3800000000006,2952.6300000000006,2947.3100000000004,2949.9100000000003,3574
2026-08-03T00:00:00+00:00,2949.9100000000003,2951.1500000000005,2944.9600000000005,2947.8600000000006,7802
2026-08-03T01:00:00+00:00,2947.8600000000006,2950.9100000000003,2945.3500000000004,2950.5000000000005,4550
2026-08-03T02:00:00+00:00,2950.5000000000005,2953.3600000000006,2949.6500000000005,2952.2500000000005,2258
2026-08-03T03:00:00+00:00,2952.2500000000005,2954.2600000000007,2948.5200000000004,2952.1600000000003,2316
2026-08-03T04:00:00+00:00,2952.1600000000003,2958.2200000000003,2951.8200000000006,2956.2500000000005,1242
2026-08-03T05:00:00+00:00,2956.2500000000005,2958.2200000000003,2955.0600000000004,2955.7100000000005,1620
2026-08-03T06:00:00+00:00,2955.7100000000005,2957.3000000000006,2952.6500000000005,2952.8700000000003,2681
2026-08-03T07:00:00+00:00,2952.8700000000003,2956.8500000000004,2949.0500000000006,2956.7000000000003,6104
2026-08-03T08:00:00+00:00,2956.7000000000003,2956.8000000000006,2950.1500000000005,2955.5500000000006,5671
2026-08-03T09:00:00+00:00,2955.5500000000006,2956.7600000000007,2951.0700000000006,2953.9500000000003,3963
2026-08-03T10:00:00+00:00,2953.9500000000003,2959.0200000000004,2953.1000000000004,2957.3700000000003,3382
2026-08-03T11:00:00+00:00,2957.3700000000003,2960.5000000000005,2953.5700000000006,2954.7600000000007,4627
2026-08-03T12:00:00+00:00,2954.7600000000007,2965.2000000000003,2952.1100000000006,2963.8700000000003,4256
2026-08-03T13:00:00+00:00,2963.8700000000003,2973.2700000000004,2948.2100000000005,2971.6200000000003,26376
2026-08-03T14:00:00+00:00,2971.6200000000003,2985.3100000000004,2970.5100000000007,2983.4100000000003,29270
2026-08-03T15:00:00+00:00,2983.4100000000003,2984.4100000000003,2976.1500000000005,2982.3200000000006,19500
2026-08-03T16:00:00+00:00,2982.3200000000006,2983.9100000000003,2974.2000000000003,2975.9500000000003,12485
2026-08-03T17:00:00+00:00,2975.9500000000003,2983.5200000000004,2972.4200000000005,2982.7100000000005,10349
2026-08-03T18:00:00+00:00,2982.7100000000005,2986.9600000000005,2980.9000000000005,2981.2200000000003,12855
2026-08-03T19:00:00+00:00,2981.2200000000003,2990.5200000000004,2981.2200000000003,2986.3100000000004,15653
2026-08-03T20:00:00+00:00,2986.3100000000004,2990.9600000000005,2984.8500000000004,2988.9700000000003,3066
2026-08-03T22:00:00+00:00,2988.9700000000003,2991.9100000000003,2988.2100000000005,2991.5600000000004,1878
2026-08-03T23:00:00+00:00,2991.5600000000004,2993.1700000000005,2989.6500000000005,2993.0100000000007,1387
2026-08-04T00:00:00+00:00,2993.0100000000007,2993.5200000000004,2988.7100000000005,2989.3500000000004,3552
2026-08-04T01:00:00+00:00,2989.3500000000004,2995.1700000000005,2987.9000000000005,2994.1700000000005,2452
2026-08-04T02:00:00+00:00,2994.1700000000005,2994.4700000000003,2988.2500000000005,2990.7500000000005,2527
2026-08-04T03:00:00+00:00,2990.7500000000005,2992.1200000000003,2987.6700000000005,2987.9200000000005,2822
2026-08-04T04:00:00+00:00,2987.9200000000005,2988.7600000000007,2985.7000000000003,2988.0200000000004,1905
2026-08-04T05:00:00+00:00,2988.0200000000004,2990.4100000000003,2986.8100000000004,2989.1600000000003,1834
2026-08-04T06:00:00+00:00,2989.1600000000003,2991.6600000000003,2987.8000000000006,2988.8700000000003,1679
2026-08-04T07:00:00+00:00,2988.8700000000003,2994.4200000000005,2988.7600000000007,2993.8500000000004,3155
2026-08-04T08:00:00+00:00,2993.8500000000004,2996.8100000000004,2987.9500000000003,2989.5600000000004,3703
2026-08-04T09:00:00+00:00,2989.5600000000004,2989.6700000000005,2982.4500000000003,2984.7600000000007,2678
2026-08-04T10:00:00+00:00,2984.7600000000007,2993.0200000000004,2983.0200000000004,2989.4600000000005,5026
2026-08-04T11:00:00+00:00,2989.4600000000005,3005.6000000000004,2987.6700000000005,3002.1700000000005,7015
2026-08-04T12:00:00+00:00,3002.1700000000005,3005.8100000000004,2999.1100000000006,3000.6500000000005,4343
2026-08-04T13:00:00+00:00,3000.6500000000005,3009.3100000000004,2995.8200000000006,3005.4100000000003,21793
2026-08-04T14:00:00+00:00,3005.4100000000003,3020.0700000000006,3004.3600000000006,3018.7100000000005,25565
2026-08-04T15:00:00+00:00,3018.7100000000005,3032.7200000000003,3018.4000000000005,3029.8100000000004,16754
2026-08-04T16:00:00+00:00,3029.8100000000004,3040.7100000000005,3028.8500000000004,3040.6100000000006,10555
2026-08-04T17:00:00+00:00,3040.6100000000006,3046.2600000000007,3039.4100000000003,3042.2000000000003,13594
2026-08-04T18:00:00+00:00,3042.2000000000003,3045.1200000000003,3039.4500000000003,3041.9200000000005,14555
2026-08-04T19:00:00+00:00,3041.9200000000005,3048.1600000000003,3039.6600000000003,3040.9100000000003,15093
2026-08-04T20:00:00+00:00,3040.9100000000003,3045.6100000000006,3040.9100000000003,3044.2600000000007,6280
2026-08-04T22:00:00+00:00,3044.2600000000007,3050.2100000000005,3044.2600000000007,3049.2400000000007,2266
2026-08-04T23:00:00+00:00,3049.2400000000007,3049.2600000000007,3046.5100000000007,3046.7500000000005,2820
2026-08-05T00:00:00+00:00,3046.7500000000005,3050.8600000000006,3046.3100000000004,3050.6100000000006,7130
2026-08-05T01:00:00+00:00,3050.6100000000006,3050.6600000000003,3046.9100000000003,3050.2600000000007,4791
2026-08-05T02:00:00+00:00,3050.2600000000007,3052.5100000000007,3049.5500000000006,3050.1600000000003,3852
2026-08-05T03:00:00+00:00,3050.1600000000003,3052.2100000000005,3049.6000000000004,3052.0600000000004,3849
2026-08-05T04:00:00+00:00,3052.0600000000004,3052.7400000000007,3050.1900000000005,3051.5000000000005,2717
2026-08-05T05:00:00+00:00,3051.5000000000005,3053.8600000000006,3051.2400000000007,3053.1100000000006,3399
2026-08-05T06:00:00+00:00,3053.1100000000006,3053.3600000000006,3049.1400000000003,3050.7900000000004,4258
2026-08-05T07:00:00+00:00,3050.7900000000004,3052.0100000000007,3046.9900000000007,3049.8400000000006,6551
2026-08-05T08:00:00+00:00,3049.8400000000006,3052.4000000000005,3044.6600000000003,3045.8400000000006,7126
2026-08-05T09:00:00+00:00,3045.8400000000006,3047.7900000000004,3044.6500000000005,3046.9600000000005,5668
2026-08-05T10:00:00+00:00,3046.9600000000005,3047.7600000000007,3044.9000000000005,3046.7400000000007,4194
2026-08-05T11:00:00+00:00,3046.7400000000007,3049.5900000000006,3045.600000000001,3047.9400000000005,4866
2026-08-05T12:00:00+00:00,3047.9400000000005,3051.4100000000008,3046.0000000000005,3050.0500000000006,6669
2026-08-05T13:00:00+00:00,3050.0500000000006,3054.6600000000008,3038.6900000000005,3054.5000000000005,35068
2026-08-05T14:00:00+00:00,3054.5000000000005,3054.5000000000005,3032.2400000000007,3035.2000000000007,46642
2026-08-05T15:00:00+00:00,3035.2000000000007,3040.4100000000008,3024.8400000000006,3026.0500000000006,34425
2026-08-05T16:00:00+00:00,3026.0500000000006,3034.7000000000007,3025.8600000000006,3033.560000000001,28056
2026-08-05T17:00:00+00:00,3033.560000000001,3037.1100000000006,3029.6900000000005,3035.8000000000006,21346
2026-08-05T18:00:00+00:00,3035.8000000000006,3036.5900000000006,3027.890000000001,3027.9000000000005,16915
2026-08-05T19:00:00+00:00,3027.9000000000005,3031.0900000000006,3021.060000000001,3021.0900000000006,17884
2026-08-05T20:00:00+00:00,3021.0900000000006,3025.4400000000005,3019.7100000000005,3024.5500000000006,6562
2026-08-05T22:00:00+00:00,3024.5500000000006,3027.8800000000006,3024.4700000000007,3024.7400000000007,1338
2026-08-05T23:00:00+00:00,3024.7400000000007,3026.7300000000005,3024.0200000000004,3026.0200000000004,1676
2026-08-06T00:00:00+00:00,3026.0200000000004,3026.890000000001,3023.9200000000005,3023.9900000000007,3746
2026-08-06T01:00:00+00:00,3023.9900000000007,3024.6900000000005,3020.1900000000005,3022.2200000000007,3026
2026-08-06T02:00:00+00:00,3022.2200000000007,3025.6900000000005,3021.9700000000007,3025.080000000001,2144
2026-08-06T03:00:00+00:00,3025.080000000001,3025.9900000000007,3023.3800000000006,3024.790000000001,1829
2026-08-06T04:00:00+00:00,3024.790000000001,3026.1900000000005,3023.7700000000004,3025.5200000000004,1648
2026-08-06T05:00:00+00:00,3025.5200000000004,3027.370000000001,3024.6800000000007,3027.330000000001,2423
2026-08-06T06:00:00+00:00,3027.330000000001,3027.4800000000005,3023.0700000000006,3026.0700000000006,3011
2026-08-06T07:00:00+00:00,3026.0700000000006,3028.0200000000004,3023.4700000000007,3025.4400000000005,3239
2026-08-06T08:00:00+00:00,3025.4400000000005,3028.140000000001,3020.330000000001,3027.9700000000007,3254
2026-08-06T09:00:00+00:00,3027.9700000000007,3029.370000000001,3024.5300000000007,3028.7800000000007,2502
2026-08-06T10:00:00+00:00,3028.7800000000007,3029.540000000001,3026.2800000000007,3027.2800000000007,1634
2026-08-06T11:00:00+00:00,3027.2800000000007,3027.2800000000007,3018.0700000000006,3020.7400000000007,4178
2026-08-06T12:00:00+00:00,3020.7400000000007,3024.7200000000007,3019.0200000000004,3021.4800000000005,4410
2026-08-06T13:00:00+00:00,3021.4800000000005,3025.120000000001,3011.7800000000007,3023.0200000000004,27840
2026-08-06T14:00:00+00:00,3023.0200000000004,3037.7800000000007,3023.0200000000004,3028.5300000000007,35168
2026-08-06T15:00:00+00:00,3028.5300000000007,3033.1900000000005,3017.9800000000005,3018.4900000000007,28724
2026-08-06T16:00:00+00:00,3018.4900000000007,3020.4800000000005,3012.0300000000007,3017.0700000000006,25117
2026-08-06T17:00:00+00:00,3017.0700000000006,3018.9700000000007,3011.2200000000007,3013.4700000000007,18919
2026-08-06T18:00:00+00:00,3013.4700000000007,3014.890000000001,3009.4200000000005,3012.0300000000007,13738
2026-08-06T19:00:00+00:00,3012.0300000000007,3014.9200000000005,3003.4800000000005,3006.3400000000006,17305
2026-08-06T20:00:00+00:00,3006.3400000000006,3008.1300000000006,3001.8200000000006,3003.640000000001,3776
2026-08-06T22:00:00+00:00,3003.640000000001,3006.0500000000006,3002.4000000000005,3005.1900000000005,851
2026-08-06T23:00:00+00:00,3005.1900000000005,3006.4400000000005,3004.390000000001,3006.0000000000005,2158
2026-08-07T00:00:00+00:00,3006.0000000000005,3006.3400000000006,2999.5000000000005,3003.060000000001,11762
2026-08-07T01:00:00+00:00,3003.060000000001,3004.8600000000006,3000.140000000001,3001.6600000000008,10605
2026-08-07T02:00:00+00:00,3001.6600000000008,3002.9100000000008,3000.0500000000006,3002.1100000000006,7101
2026-08-07T03:00:00+00:00,3002.1100000000006,3003.4900000000007,3000.9400000000005,3001.5500000000006,5615
2026-08-07T04:00:00+00:00,3001.5500000000006,3002.2100000000005,2999.2400000000007,3001.9500000000007,4698
2026-08-07T05:00:00+00:00,3001.9500000000007,3004.1900000000005,3001.7400000000007,3002.8400000000006,4061
2026-08-07T06:00:00+00:00,3002.8400000000006,3006.5000000000005,3002.640000000001,3006.2100000000005,3080
2026-08-07T07:00:00+00:00,3006.2100000000005,3006.790000000001,3003.4000000000005,3004.060000000001,4597
2026-08-07T08:00:00+00:00,3004.060000000001,3011.0100000000007,3004.060000000001,3010.9000000000005,3531
2026-08-07T09:00:00+00:00,3010.9000000000005,3014.2600000000007,3010.5000000000005,3013.4000000000005,3509
2026-08-07T10:00:00+00:00,3013.4000000000005,3015.4600000000005,3012.3400000000006,3013.3000000000006,2586
2026-08-07T11:00:00+00:00,3013.3000000000006,3020.290000000001,3013.2500000000005,3016.8000000000006,3269
2026-08-07T12:00:00+00:00,3016.8000000000006,3037.1100000000006,3016.1500000000005,3031.600000000001,13084
2026-08-07T13:00:00+00:00,3031.600000000001,3035.2600000000007,3021.8400000000006,3028.790000000001,31582
2026-08-07T14:00:00+00:00,3028.790000000001,3036.310000000001,3021.290000000001,3028.4600000000005,39363
2026-08-07T15:00:00+00:00,3028.4600000000005,3036.4400000000005,3026.540000000001,3032.9500000000007,22452
2026-08-07T16:00:00+00:00,3032.9500000000007,3036.790000000001,3027.6500000000005,3034.2500000000005,21080
2026-08-07T17:00:00+00:00,3034.2500000000005,3037.0500000000006,3032.5000000000005,3035.6600000000008,13138
2026-08-07T18:00:00+00:00,3035.6600000000008,3036.5100000000007,3030.4900000000002,3033.1400000000003,11845
2026-08-07T19:00:00+00:00,3033.1400000000003,3043.6100000000006,3033.1400000000003,3038.0900000000006,19107
2026-08-07T20:00:00+00:00,3038.0900000000006,3040.2000000000003,3036.1400000000003,3037.1000000000004,2465
2026-08-09T22:00:00+00:00,3037.1000000000004,3037.1000000000004,3030.9100000000003,3032.5200000000004,2244
2026-08-09T23:00:00+00:00,3032.5200000000004,3033.9600000000005,3029.9500000000003,3030.0200000000004,1205
2026-08-10T00:00:00+00:00,3030.0200000000004,3033.7000000000003,3029.6000000000004,3030.6000000000004,3179
2026-08-10T01:00:00+00:00,3030.6000000000004,3034.3600000000006,3030.2000000000003,3033.7000000000003,2264
2026-08-10T02:00:00+00:00,3033.7000000000003,3034.2500000000005,3032.51,3033.4700000000003,1187
2026-08-10T03:00:00+00:00,3033.4700000000003,3035.7200000000003,3032.7500000000005,3034.7700000000004,1032
2026-08-10T04:00:00+00:00,3034.7700000000004,3037.82,3034.4600000000005,3037.3600000000006,928
2026-08-10T05:00:00+00:00,3037.3600000000006,3039.1700000000005,3037.3100000000004,3038.6600000000003,925
2026-08-10T06:00:00+00:00,3038.6600000000003,3039.7000000000003,3035.5600000000004,3036.9000000000005,1451
2026-08-10T07:00:00+00:00,3036.9000000000005,3041.8700000000003,3035.8,3038.6100000000006,2568
2026-08-10T08:00:00+00:00,3038.6100000000006,3039.82,3034.1700000000005,3034.82,2004
2026-08-10T09:00:00+00:00,3034.82,3035.1600000000003,3030.9600000000005,3031.32,910
2026-08-10T10:00:00+00:00,3031.32,3031.8700000000003,3028.6100000000006,3029.2500000000005,1221
2026-08-10T11:00:00+00:00,3029.2500000000005,3035.1200000000003,3028.55,3035.0600000000004,1544
2026-08-10T12:00:00+00:00,3035.0600000000004,3036.8700000000003,3026.6500000000005,3027.2000000000003,2002
2026-08-10T13:00:00+00:00,3027.2000000000003,3037.2700000000004,3024.2500000000005,3029.1700000000005,29914
2026-08-10T14:00:00+00:00,3029.1700000000005,3034.9100000000003,3023.4200000000005,3023.51,27172
2026-08-10T15:00:00+00:00,3023.51,3028.1700000000005,3021.5000000000005,3025.55,20262
2026-08-10T16:00:00+00:00,3025.55,3025.9200000000005,3013.51,3022.1700000000005,15478
2026-08-10T17:00:00+00:00,3022.1700000000005,3022.6200000000003,3016.82,3019.1600000000003,10074
2026-08-10T18:00:00+00:00,3019.1600000000003,3021.1700000000005,3017.9500000000003,3019.9200000000005,7373
2026-08-10T19:00:00+00:00,3019.9200000000005,3023.6000000000004,3019.3500000000004,3023.0000000000005,9365
2026-08-10T20:00:00+00:00,3023.0000000000005,3023.8,3021.6000000000004,3023.01,1823
2026-08-10T22:00:00+00:00,3023.01,3024.1300000000006,3019.1800000000003,3019.9200000000005,905
2026-08-10T23:00:00+00:00,3019.9200000000005,3020.9900000000002,3017.6200000000003,3019.3700000000003,1354
2026-08-11T00:00:00+00:00,3019.3700000000003,3022.7900000000004,3017.9900000000002,3022.1900000000005,3162
2026-08-11T01:00:00+00:00,3022.1900000000005,3027.3800000000006,3021.1700000000005,3026.0400000000004,2764
2026-08-11T02:00:00+00:00,3026.0400000000004,3028.9400000000005,3025.9400000000005,3028.1300000000006,1457
2026-08-11T03:00:00+00:00,3028.1300000000006,3030.2700000000004,3027.9300000000003,3028.2700000000004,1319
2026-08-11T04:00:00+00:00,3028.2700000000004,3030.2400000000002,3028.2700000000004,3029.0200000000004,1461
2026-08-11T05:00:00+00:00,3029.0200000000004,3029.9800000000005,3025.5900000000006,3025.6300000000006,1925
2026-08-11T06:00:00+00:00,3025.6300000000006,3027.7900000000004,3022.1200000000003,3023.9200000000005,3505
2026-08-11T07:00:00+00:00,3023.9200000000005,3026.3300000000004,3022.4300000000003,3025.2200000000003,4461
2026-08-11T08:00:00+00:00,3025.2200000000003,3028.4300000000003,3020.5200000000004,3020.82,3640
2026-08-11T09:00:00+00:00,3020.82,3022.1700000000005,3018.3300000000004,3021.5400000000004,3062
2026-08-11T10:00:00+00:00,3021.5400000000004,3027.8900000000003,3020.3300000000004,3025.0900000000006,3721
2026-08-11T11:00:00+00:00,3025.0900000000006,3034.9800000000005,3024.7700000000004,3030.2700000000004,7239
2026-08-11T12:00:00+00:00,3030.2700000000004,3032.53,3025.32,3025.7400000000002,3696
2026-08-11T13:00:00+00:00,3025.7400000000002,3042.8900000000003,3025.4400000000005,3042.8700000000003,31879
2026-08-11T14:00:00+00:00,3042.8700000000003,3043.6800000000003,3035.6400000000003,3036.6800000000003,33248
2026-08-11T15:00:00+00:00,3036.6800000000003,3037.7300000000005,3029.32,3033.8900000000003,20830
2026-08-11T16:00:00+00:00,3033.8900000000003,3039.1800000000003,3032.7700000000004,3036.3900000000003,13070
2026-08-11T17:00:00+00:00,3036.3900000000003,3038.4300000000003,3033.9800000000005,3036.7300000000005,11408
2026-08-11T18:00:00+00:00,3036.7300000000005,3039.4900000000002,3032.6700000000005,3035.9700000000003,12682
2026-08-11T19:00:00+00:00,3035.9700000000003,3038.0900000000006,3032.2200000000003,3033.6700000000005,12764
2026-08-11T20:00:00+00:00,3033.6700000000005,3036.28,3032.5800000000004,3033.6700000000005,2729
2026-08-11T22:00:00+00:00,3033.6700000000005,3035.7500000000005,3033.3,3033.7000000000003,750
2026-08-11T23:00:00+00:00,3033.7000000000003,3034.3100000000004,3032.9500000000003,3034.1200000000003,573
2026-08-12T00:00:00+00:00,3034.1200000000003,3034.4500000000003,3031.0000000000005,3032.7100000000005,2059
2026-08-12T01:00:00+00:00,3032.7100000000005,3034.3600000000006,3032.07,3033.2100000000005,1419
2026-08-12T02:00:00+00:00,3033.2100000000005,3035.32,3033.2100000000005,3035.32,893
2026-08-12T03:00:00+00:00,3035.32,3035.9200000000005,3034.1700000000005,3035.1700000000005,684
2026-08-12T04:00:00+00:00,3035.1700000000005,3037.0000000000005,3034.57,3036.8500000000004,704
2026-08-12T05:00:00+00:00,3036.8500000000004,3038.07,3035.1100000000006,3037.4500000000003,846
2026-08-12T06:00:00+00:00,3037.4500000000003,3038.5600000000004,3036.2200000000003,3038.0200000000004,1185
2026-08-12T07:00:00+00:00,3038.0200000000004,3038.4600000000005,3036.1000000000004,3038.01,1452
2026-08-12T08:00:00+00:00,3038.01,3039.6100000000006,3035.8700000000003,3038.3,1426
2026-08-12T09:00:00+00:00,3038.3,3043.6200000000003,3037.7100000000005,3039.01,2752
2026-08-12T10:00:00+00:00,3039.01,3041.2000000000003,3034.7200000000003,3036.2500000000005,1862
2026-08-12T11:00:00+00:00,3036.2500000000005,3042.0200000000004,3035.7100000000005,3041.4700000000003,1618
2026-08-12T12:00:00+00:00,3041.4700000000003,3054.5200000000004,3038.9000000000005,3050.7000000000003,9142
2026-08-12T13:00:00+00:00,3050.7000000000003,3057.1200000000003,3042.2100000000005,3042.3700000000003,31513
2026-08-12T14:00:00+00:00,3042.3700000000003,3044.3600000000006,3033.01,3035.0600000000004,31234
2026-08-12T15:00:00+00:00,3035.0600000000004,3044.4600000000005,3033.4000000000005,3044.0600000000004,19557
2026-08-12T16:00:00+00:00,3044.0600000000004,3049.9600000000005,3043.9500000000003,3045.7700000000004,10207
2026-08-12T17:00:00+00:00,3045.7700000000004,3047.4200000000005,3043.32,3046.3,7719
2026-08-12T18:00:00+00:00,3046.3,3053.6100000000006,3045.9500000000003,3051.1500000000005,6558
2026-08-12T19:00:00+00:00,3051.1500000000005,3057.0200000000004,3049.9000000000005,3050.6000000000004,9771
2026-08-12T20:00:00+00:00,3050.6000000000004,3054.0200000000004,3050.01,3051.1000000000004,2349
2026-08-12T22:00:00+00:00,3051.1000000000004,3054.3700000000003,3051.1000000000004,3052.9900000000002,1210
2026-08-12T23:00:00+00:00,3052.9900000000002,3054.2900000000004,3052.600000000001,3052.7900000000004,1951.329346826127
2026-08-13T00:00:00+00:00,3052.7900000000004,3054.9900000000007,3052.1500000000005,3053.8000000000006,6545
2026-08-13T01:00:00+00:00,3053.8000000000006,3054.4100000000008,3050.640000000001,3053.5600000000004,4598
2026-08-13T02:00:00+00:00,3053.5600000000004,3055.1600000000008,3053.2900000000004,3054.4600000000005,3524
2026-08-13T03:00:00+00:00,3054.4600000000005,3054.9100000000008,3053.6900000000005,3053.9900000000007,2804
2026-08-13T04:00:00+00:00,3053.9900000000007,3055.2100000000005,3052.7600000000007,3054.3400000000006,3372
2026-08-13T05:00:00+00:00,3054.3400000000006,3056.0500000000006,3054.3400000000006,3054.850000000001,2132
2026-08-13T06:00:00+00:00,3054.850000000001,3057.4400000000005,3054.7400000000007,3057.1900000000005,2678
2026-08-13T07:00:00+00:00,3057.1900000000005,3057.7100000000005,3054.140000000001,3056.100000000001,2952
2026-08-13T08:00:00+00:00,3056.100000000001,3058.6100000000006,3055.3000000000006,3056.5500000000006,3217
2026-08-13T09:00:00+00:00,3056.5500000000006,3058.0600000000004,3055.7900000000004,3056.8400000000006,2200
2026-08-13T10:00:00+00:00,3056.8400000000006,3058.350000000001,3055.5500000000006,3058.3000000000006,1625
2026-08-13T11:00:00+00:00,3058.3000000000006,3060.3100000000004,3056.890000000001,3056.9500000000007,2189
2026-08-13T12:00:00+00:00,3056.9500000000007,3061.850000000001,3051.9900000000007,3059.2500000000005,7306
2026-08-13T13:00:00+00:00,3059.2500000000005,3073.3600000000006,3058.0000000000005,3067.600000000001,32523
2026-08-13T14:00:00+00:00,3067.600000000001,3074.4900000000007,3060.2000000000007,3061.350000000001,33159
2026-08-13T15:00:00+00:00,3061.350000000001,3066.2100000000005,3052.0100000000007,3052.9400000000005,27599
2026-08-13T16:00:00+00:00,3052.9400000000005,3056.9100000000008,3051.0100000000007,3056.0000000000005,14043
2026-08-13T17:00:00+00:00,3056.0000000000005,3057.8000000000006,3053.3000000000006,3055.1500000000005,9412
2026-08-13T18:00:00+00:00,3055.1500000000005,3060.5100000000007,3054.6100000000006,3059.9400000000005,8969
2026-08-13T19:00:00+00:00,3059.9400000000005,3063.1100000000006,3056.7400000000007,3058.3100000000004,12066
2026-08-13T20:00:00+00:00,3058.3100000000004,3059.7100000000005,3056.8400000000006,3058.2900000000004,3887
2026-08-13T22:00:00+00:00,3058.2900000000004,3060.4500000000007,3055.890000000001,3056.350000000001,995
2026-08-13T23:00:00+00:00,3056.350000000001,3057.5000000000005,3056.0900000000006,3056.4100000000008,883
2026-08-14T00:00:00+00:00,3056.4100000000008,3057.8400000000006,3054.850000000001,3056.4400000000005,2138
2026-08-14T01:00:00+00:00,3056.4400000000005,3058.1100000000006,3055.1100000000006,3057.5600000000004,1527
2026-08-14T02:00:00+00:00,3057.5600000000004,3059.5000000000005,3056.3400000000006,3056.6500000000005,1057
2026-08-14T03:00:00+00:00,3056.6500000000005,3058.3100000000004,3056.3000000000006,3056.3600000000006,955
2026-08-14T04:00:00+00:00,3056.3600000000006,3057.0100000000007,3055.7500000000005,3055.9900000000007,1196
2026-08-14T05:00:00+00:00,3055.9900000000007,3056.7600000000007,3055.0100000000007,3055.5600000000004,972
2026-08-14T06:00:00+00:00,3055.5600000000004,3056.0000000000005,3054.140000000001,3055.140000000001,1519
2026-08-14T07:00:00+00:00,3055.140000000001,3055.8000000000006,3052.4900000000007,3052.8400000000006,1942
2026-08-14T08:00:00+00:00,3052.8400000000006,3057.3600000000006,3051.600000000001,3055.7000000000007,2354
2026-08-14T09:00:00+00:00,3055.7000000000007,3057.4500000000007,3054.7000000000007,3056.600000000001,1593
2026-08-14T10:00:00+00:00,3056.600000000001,3058.8600000000006,3056.140000000001,3057.3100000000004,1293
2026-08-14T11:00:00+00:00,3057.3100000000004,3058.8100000000004,3054.4400000000005,3057.3600000000006,1539
2026-08-14T12:00:00+00:00,3057.3600000000006,3061.0100000000007,3053.4500000000007,3059.7500000000005,3750
2026-08-14T13:00:00+00:00,3059.7500000000005,3066.4500000000007,3049.8600000000006,3064.1100000000006,24923
2026-08-14T14:00:00+00:00,3064.1100000000006,3071.8000000000006,3062.890000000001,3066.8600000000006,29443
2026-08-14T15:00:00+00:00,3066.8600000000006,3070.600000000001,3060.4000000000005,3064.8400000000006,20150
2026-08-14T16:00:00+00:00,3064.8400000000006,3070.2100000000005,3063.3400000000006,3064.5500000000006,11618
2026-08-14T17:00:00+00:00,3064.5500000000006,3070.0600000000004,3064.0500000000006,3066.8400000000006,10279
2026-08-14T18:00:00+00:00,3066.8400000000006,3068.8000000000006,3064.9900000000007,3067.0600000000004,7572
2026-08-14T19:00:00+00:00,3067.0600000000004,3074.5000000000005,3065.3000000000006,3073.4400000000005,10298
2026-08-14T20:00:00+00:00,3073.4400000000005,3073.6100000000006,3070.3100000000004,3070.4900000000007,2132
2026-08-16T22:00:00+00:00,3070.4900000000007,3075.3200000000006,3070.4900000000007,3073.8200000000006,1160
2026-08-16T23:00:00+00:00,3073.8200000000006,3075.2700000000004,3072.9600000000005,3074.4800000000005,867
2026-08-17T00:00:00+00:00,3074.4800000000005,3074.4800000000005,3070.9700000000007,3072.2200000000007,1327
2026-08-17T01:00:00+00:00,3072.2200000000007,3072.5800000000004,3068.9700000000007,3069.2100000000005,1391
2026-08-17T02:00:00+00:00,3069.2100000000005,3070.8300000000004,3068.9600000000005,3070.6300000000006,909
2026-08-17T03:00:00+00:00,3070.6300000000006,3072.8800000000006,3070.4200000000005,3072.6800000000007,675
2026-08-17T04:00:00+00:00,3072.6800000000007,3073.6300000000006,3071.9600000000005,3072.1300000000006,680
2026-08-17T05:00:00+00:00,3072.1300000000006,3074.0100000000007,3071.8100000000004,3074.0100000000007,722
2026-08-17T06:00:00+00:00,3074.0100000000007,3074.370000000001,3071.1100000000006,3071.9700000000007,1118
2026-08-17T07:00:00+00:00,3071.9700000000007,3073.4700000000007,3069.2600000000007,3072.0200000000004,1924
2026-08-17T08:00:00+00:00,3072.0200000000004,3072.8300000000004,3067.9700000000007,3069.7300000000005,1657
2026-08-17T09:00:00+00:00,3069.7300000000005,3070.9100000000008,3068.4100000000008,3068.8800000000006,1330
2026-08-17T10:00:00+00:00,3068.8800000000006,3077.9300000000007,3068.7600000000007,3070.8800000000006,3698
2026-08-17T11:00:00+00:00,3070.8800000000006,3071.2200000000007,3066.7600000000007,3067.9200000000005,1870
2026-08-17T12:00:00+00:00,3067.9200000000005,3068.7200000000007,3059.7100000000005,3061.3600000000006,4010
2026-08-17T13:00:00+00:00,3061.3600000000006,3064.370000000001,3056.7800000000007,3057.0100000000007,24635
2026-08-17T14:00:00+00:00,3057.0100000000007,3065.4100000000008,3054.5800000000004,3062.7300000000005,26220
2026-08-17T15:00:00+00:00,3062.7300000000005,3064.6300000000006,3056.2100000000005,3061.2800000000007,14821
2026-08-17T16:00:00+00:00,3061.2800000000007,3064.4800000000005,3060.9700000000007,3063.6300000000006,9765
2026-08-17T17:00:00+00:00,3063.6300000000006,3065.0300000000007,3054.4600000000005,3056.0700000000006,13400
2026-08-17T18:00:00+00:00,3056.0700000000006,3059.7600000000007,3054.2100000000005,3059.0700000000006,10138
2026-08-17T19:00:00+00:00,3059.0700000000006,3063.8300000000004,3057.4800000000005,3062.9300000000007,12170
2026-08-17T20:00:00+00:00,3062.9300000000007,3063.2600000000007,3061.0100000000007,3062.6600000000008,2380
2026-08-17T22:00:00+00:00,3062.6600000000008,3062.9300000000007,3059.4600000000005,3061.6600000000008,1201
2026-08-17T23:00:00+00:00,3061.6600000000008,3063.2800000000007,3060.6100000000006,3063.1800000000007,1249
2026-08-18T00:00:00+00:00,3063.1800000000007,3064.2300000000005,3062.6300000000006,3063.5800000000004,1670
2026-08-18T01:00:00+00:00,3063.5800000000004,3065.0800000000004,3060.3100000000004,3063.0600000000004,2111
2026-08-18T02:00:00+00:00,3063.0600000000004,3063.2200000000007,3057.1600000000008,3059.3800000000006,2943
2026-08-18T03:00:00+00:00,3059.3800000000006,3059.5300000000007,3056.2600000000007,3056.870000000001,2163
2026-08-18T04:00:00+00:00,3056.870000000001,3057.2800000000007,3055.620000000001,3056.8800000000006,1901
2026-08-18T05:00:00+00:00,3056.8800000000006,3057.1700000000005,3054.8600000000006,3055.2100000000005,1771
2026-08-18T06:00:00+00:00,3055.2100000000005,3058.0600000000004,3051.9800000000005,3057.9800000000005,3632
2026-08-18T07:00:00+00:00,3057.9800000000005,3057.9800000000005,3049.2600000000007,3049.5800000000004,3958
2026-08-18T08:00:00+00:00,3049.5800000000004,3055.0300000000007,3047.2600000000007,3054.2200000000007,5727
2026-08-18T09:00:00+00:00,3054.2200000000007,3055.1800000000007,3051.7800000000007,3054.5800000000004,4697
2026-08-18T10:00:00+00:00,3054.5800000000004,3056.8800000000006,3052.7700000000004,3053.0100000000007,3032
2026-08-18T11:00:00+00:00,3053.0100000000007,3056.2800000000007,3052.1700000000005,3053.9700000000007,3344
2026-08-18T12:00:00+00:00,3053.9700000000007,3056.3200000000006,3050.9600000000005,3053.2100000000005,4583
2026-08-18T13:00:00+00:00,3053.2100000000005,3053.8300000000004,3041.1100000000006,3047.2300000000005,30364
2026-08-18T14:00:00+00:00,3047.2300000000005,3049.0700000000006,3033.620000000001,3033.9100000000008,37648
2026-08-18T15:00:00+00:00,3033.9100000000008,3036.0800000000004,3027.5600000000004,3033.5700000000006,25259
2026-08-18T16:00:00+00:00,3033.5700000000006,3034.9200000000005,3030.120000000001,3032.0200000000004,13549
2026-08-18T17:00:00+00:00,3032.0200000000004,3033.870000000001,3025.9100000000008,3025.9100000000008,9462
2026-08-18T18:00:00+00:00,3025.9100000000008,3029.8800000000006,3023.1700000000005,3027.2100000000005,10342
2026-08-18T19:00:00+00:00,3027.2100000000005,3030.0700000000006,3023.6100000000006,3024.9700000000007,11987
2026-08-18T20:00:00+00:00,3024.9700000000007,3025.2300000000005,3022.5200000000004,3024.870000000001,2910
2026-08-18T22:00:00+00:00,3024.870000000001,3026.6700000000005,3022.9700000000007,3023.1700000000005,1875
2026-08-18T23:00:00+00:00,3023.1700000000005,3025.9300000000007,3022.8600000000006,3024.2200000000007,2065
2026-08-19T00:00:00+00:00,3024.2200000000007,3025.5100000000007,3020.9600000000005,3023.6800000000007,4355
2026-08-19T01:00:00+00:00,3023.6800000000007,3025.3300000000004,3022.120000000001,3023.0600000000004,2549
2026-08-19T02:00:00+00:00,3023.0600000000004,3024.4300000000007,3021.7100000000005,3022.7800000000007,2546
2026-08-19T03:00:00+00:00,3022.7800000000007,3023.6300000000006,3020.4700000000007,3021.5200000000004,2218
2026-08-19T04:00:00+00:00,3021.5200000000004,3022.3200000000006,3019.4800000000005,3021.2300000000005,2348
2026-08-19T05:00:00+00:00,3021.2300000000005,3023.0700000000006,3019.3800000000006,3020.0300000000007,4185
2026-08-19T06:00:00+00:00,3020.0300000000007,3027.5200000000004,3018.5100000000007,3027.4200000000005,4600
2026-08-19T07:00:00+00:00,3027.4200000000005,3028.0700000000006,3023.5600000000004,3026.7100000000005,4422
2026-08-19T08:00:00+00:00,3026.7100000000005,3029.2800000000007,3025.2200000000007,3025.5300000000007,3023
2026-08-19T09:00:00+00:00,3025.5300000000007,3026.2300000000005,3020.2600000000007,3021.4700000000007,2673
2026-08-19T10:00:00+00:00,3021.4700000000007,3023.2800000000007,3019.3100000000004,3021.9700000000007,2699
2026-08-19T11:00:00+00:00,3021.9700000000007,3026.3600000000006,3021.7700000000004,3025.4100000000008,3349
2026-08-19T12:00:00+00:00,3025.4100000000008,3057.6700000000005,3023.7100000000005,3049.1800000000007,14894
2026-08-19T13:00:00+00:00,3049.1800000000007,3053.4800000000005,3039.4600000000005,3045.7100000000005,42332
2026-08-19T14:00:00+00:00,3045.7100000000005,3054.120000000001,3036.6700000000005,3054.0800000000004,48583
2026-08-19T15:00:00+00:00,3054.0800000000004,3056.7100000000005,3045.1700000000005,3045.4700000000007,28089
2026-08-19T16:00:00+00:00,3045.4700000000007,3049.9600000000005,3043.2100000000005,3043.8300000000004,16210
2026-08-19T17:00:00+00:00,3043.8300000000004,3045.3300000000004,3039.0300000000007,3040.0700000000006,14137
2026-08-19T18:00:00+00:00,3040.0700000000006,3042.4300000000007,3034.8600000000006,3036.0200000000004,16765
2026-08-19T19:00:00+00:00,3036.0200000000004,3040.8200000000006,3035.2300000000005,3039.6100000000006,17441
2026-08-19T20:00:00+00:00,3039.6100000000006,3040.5600000000004,3037.6800000000007,3039.4600000000005,3491
2026-08-19T22:00:00+00:00,3039.4600000000005,3043.5400000000004,3039.4600000000005,3042.7700000000004,2668
2026-08-19T23:00:00+00:00,3042.7700000000004,3043.8400000000006,3041.3800000000006,3041.5200000000004,1931
2026-08-20T00:00:00+00:00,3041.5200000000004,3044.2400000000007,3039.7700000000004,3043.7400000000007,3183
2026-08-20T01:00:00+00:00,3043.7400000000007,3044.5300000000007,3041.120000000001,3041.8800000000006,3261
2026-08-20T02:00:00+00:00,3041.8800000000006,3044.2400000000007,3041.2700000000004,3043.1300000000006,3741
2026-08-20T03:00:00+00:00,3043.1300000000006,3045.7900000000004,3042.5400000000004,3045.1800000000007,1979
2026-08-20T04:00:00+00:00,3045.1800000000007,3046.4800000000005,3044.370000000001,3045.4900000000007,1178
2026-08-20T05:00:00+00:00,3045.4900000000007,3046.0700000000006,3042.1900000000005,3042.5700000000006,1433
2026-08-20T06:00:00+00:00,3042.5700000000006,3047.4400000000005,3042.5200000000004,3045.5700000000006,2127
2026-08-20T07:00:00+00:00,3045.5700000000006,3045.5700000000006,3037.9800000000005,3038.3800000000006,3985
2026-08-20T08:00:00+00:00,3038.3800000000006,3040.6800000000007,3031.890000000001,3032.2200000000007,5618
2026-08-20T09:00:00+00:00,3032.2200000000007,3035.7700000000004,3031.4900000000007,3034.9700000000007,3637
2026-08-20T10:00:00+00:00,3034.9700000000007,3037.2400000000007,3033.8200000000006,3036.9700000000007,3532
2026-08-20T11:00:00+00:00,3036.9700000000007,3037.7800000000007,3022.7200000000007,3023.0700000000006,6071
2026-08-20T12:00:00+00:00,3023.0700000000006,3023.8400000000006,3013.0200000000004,3017.120000000001,9177
2026-08-20T13:00:00+00:00,3017.120000000001,3022.7300000000005,3011.4400000000005,3012.2900000000004,40380
2026-08-20T14:00:00+00:00,3012.2900000000004,3013.4900000000007,3001.620000000001,3011.3200000000006,49186
2026-08-20T15:00:00+00:00,3011.3200000000006,3018.9800000000005,2998.5200000000004,3002.370000000001,35874
2026-08-20T16:00:00+00:00,3002.370000000001,3004.7700000000004,2999.0200000000004,3004.2900000000004,18036
2026-08-20T17:00:00+00:00,3004.2900000000004,3004.390000000001,2995.6800000000007,2998.2900000000004,12043
2026-08-20T18:00:00+00:00,2998.2900000000004,2998.3200000000006,2992.1800000000007,2994.3200000000006,12020
2026-08-20T19:00:00+00:00,2994.3200000000006,3000.870000000001,2994.1900000000005,2999.0400000000004,14692
2026-08-20T20:00:00+00:00,2999.0400000000004,3000.3400000000006,2996.3200000000006,2997.7900000000004,2406
2026-08-20T22:00:00+00:00,2997.7900000000004,3002.0500000000006,2997.100000000001,3002.0500000000006,2136
2026-08-20T23:00:00+00:00,3002.0500000000006,3002.0500000000006,2999.9600000000005,3000.7000000000007,1646
2026-08-21T00:00:00+00:00,3000.7000000000007,3004.9000000000005,3000.4000000000005,3002.3200000000006,3267
2026-08-21T01:00:00+00:00,3002.3200000000006,3004.620000000001,3001.370000000001,3003.4100000000008,2800
2026-08-21T02:00:00+00:00,3003.4100000000008,3008.870000000001,3003.4100000000008,3008.2000000000007,1268
2026-08-21T03:00:00+00:00,3008.2000000000007,3008.6600000000008,3006.5700000000006,3007.4100000000008,1156
2026-08-21T04:00:00+00:00,3007.4100000000008,3008.9200000000005,3006.3000000000006,3008.4100000000008,1060
2026-08-21T05:00:00+00:00,3008.4100000000008,3008.9200000000005,3005.9000000000005,3007.7600000000007,1173
2026-08-21T06:00:00+00:00,3007.7600000000007,3010.2700000000004,3007.0100000000007,3009.9000000000005,1729
2026-08-21T07:00:00+00:00,3009.9000000000005,3013.8200000000006,3008.7600000000007,3012.9500000000007,2716
2026-08-21T08:00:00+00:00,3012.9500000000007,3015.850000000001,3010.4000000000005,3015.7000000000007,2998
2026-08-21T09:00:00+00:00,3015.7000000000007,3018.4200000000005,3014.5100000000007,3017.6700000000005,2099
2026-08-21T10:00:00+00:00,3017.6700000000005,3019.5700000000006,3016.7500000000005,3018.120000000001,2025
2026-08-21T11:00:00+00:00,3018.120000000001,3025.870000000001,3017.100000000001,3022.5500000000006,5183
2026-08-21T12:00:00+00:00,3022.5500000000006,3024.5000000000005,3019.0000000000005,3023.2000000000007,4022
2026-08-21T13:00:00+00:00,3023.2000000000007,3024.2700000000004,3011.7100000000005,3015.7700000000004,32651
2026-08-21T14:00:00+00:00,3015.7700000000004,3017.4000000000005,3003.2500000000005,3008.5200000000004,38530
2026-08-21T15:00:00+00:00,3008.5200000000004,3019.6100000000006,3008.0500000000006,3017.0200000000004,20776
2026-08-21T16:00:00+00:00,3017.0200000000004,3021.7100000000005,3014.9600000000005,3017.9100000000008,15382
2026-08-21T17:00:00+00:00,3017.9100000000008,3020.6100000000006,3016.2000000000007,3018.5500000000006,9698
2026-08-21T18:00:00+00:00,3018.5500000000006,3022.4000000000005,3016.9600000000005,3021.8000000000006,8177
2026-08-21T19:00:00+00:00,3021.8000000000006,3024.7200000000007,3020.600000000001,3020.7200000000007,11166
2026-08-21T20:00:00+00:00,3020.7200000000007,3021.6700000000005,3019.6500000000005,3021.0200000000004,2126
2026-08-23T22:00:00+00:00,3021.0200000000004,3022.4100000000008,3016.2500000000005,3021.6500000000005,2446
2026-08-23T23:00:00+00:00,3021.6500000000005,3028.4700000000007,3021.620000000001,3028.4700000000007,2323
2026-08-24T00:00:00+00:00,3028.4700000000007,3028.5100000000007,3020.3100000000004,3024.7500000000005,9460
2026-08-24T01:00:00+00:00,3024.7500000000005,3028.8200000000006,3024.6700000000005,3026.0200000000004,8000
2026-08-24T02:00:00+00:00,3026.0200000000004,3028.4200000000005,3023.9500000000007,3027.9500000000007,6880
2026-08-24T03:00:00+00:00,3027.9500000000007,3027.9600000000005,3022.0500000000006,3022.2600000000007,3935
2026-08-24T04:00:00+00:00,3022.2600000000007,3022.870000000001,3020.2200000000007,3020.2600000000007,4518
2026-08-24T05:00:00+00:00,3020.2600000000007,3023.0200000000004,3018.5500000000006,3019.9700000000007,5702
2026-08-24T06:00:00+00:00,3019.9700000000007,3021.8200000000006,3018.120000000001,3019.5500000000006,6499
2026-08-24T07:00:00+00:00,3019.5500000000006,3021.4700000000007,3017.4600000000005,3017.5500000000006,6445
2026-08-24T08:00:00+00:00,3017.5500000000006,3024.0000000000005,3017.3600000000006,3020.8000000000006,6175
2026-08-24T09:00:00+00:00,3020.8000000000006,3022.3600000000006,3019.1500000000005,3020.2500000000005,3719
2026-08-24T10:00:00+00:00,3020.2500000000005,3020.9600000000005,3014.9600000000005,3015.3100000000004,4715
2026-08-24T11:00:00+00:00,3015.3100000000004,3023.9500000000007,3013.0700000000006,3021.6600000000008,9538
2026-08-24T12:00:00+00:00,3021.6600000000008,3021.6600000000008,3013.5100000000007,3019.0700000000006,6672
2026-08-24T13:00:00+00:00,3019.0700000000006,3019.8200000000006,3003.370000000001,3007.6700000000005,32060
2026-08-24T14:00:00+00:00,3007.6700000000005,3012.0200000000004,3002.3100000000004,3007.7100000000005,30637
2026-08-24T15:00:00+00:00,3007.7100000000005,3010.120000000001,3003.7100000000005,3006.7200000000007,19398
2026-08-24T16:00:00+00:00,3006.7200000000007,3009.7200000000007,3001.620000000001,3002.1700000000005,11779
2026-08-24T17:00:00+00:00,3002.1700000000005,3007.3000000000006,2996.0100000000007,2997.7600000000007,12406
2026-08-24T18:00:00+00:00,2997.7600000000007,3005.3200000000006,2997.4000000000005,3002.3000000000006,10102
2026-08-24T19:00:00+00:00,3002.3000000000006,3003.9200000000005,3000.1100000000006,3001.8100000000004,9346
2026-08-24T20:00:00+00:00,3001.8100000000004,3005.7500000000005,3000.9100000000008,3005.4600000000005,3652
2026-08-24T22:00:00+00:00,3005.4600000000005,3006.2300000000005,3003.7900000000004,3004.4300000000007,1600
2026-08-24T23:00:00+00:00,3004.4300000000007,3004.5300000000007,3000.4200000000005,3001.5900000000006,1936
2026-08-25T00:00:00+00:00,3001.5900000000006,3003.1300000000006,2997.370000000001,3001.9900000000007,4670
2026-08-25T01:00:00+00:00,3001.9900000000007,3004.0400000000004,3001.2300000000005,3002.6700000000005,3522
2026-08-25T02:00:00+00:00,3002.6700000000005,3004.0800000000004,2999.7800000000007,3000.9700000000007,3347
2026-08-25T03:00:00+00:00,3000.9700000000007,3007.6900000000005,3000.9700000000007,3004.5900000000006,2477
2026-08-25T04:00:00+00:00,3004.5900000000006,3006.1900000000005,3004.4200000000005,3005.0200000000004,1808
2026-08-25T05:00:00+00:00,3005.0200000000004,3007.1900000000005,3004.7900000000004,3006.8800000000006,2378
2026-08-25T06:00:00+00:00,3006.8800000000006,3010.9300000000007,3006.6800000000007,3010.9300000000007,2282
2026-08-25T07:00:00+00:00,3010.9300000000007,3013.1300000000006,3006.5300000000007,3007.5400000000004,3030
2026-08-25T08:00:00+00:00,3007.5400000000004,3018.5300000000007,3006.8800000000006,3016.9700000000007,6030
2026-08-25T09:00:00+00:00,3016.9700000000007,3025.0900000000006,3015.9800000000005,3023.4700000000007,5427
2026-08-25T10:00:00+00:00,3023.4700000000007,3023.9200000000005,3018.7300000000005,3020.390000000001,2554
2026-08-25T11:00:00+00:00,3020.390000000001,3025.0100000000007,3016.3300000000004,3024.9700000000007,3330
2026-08-25T12:00:00+00:00,3024.9700000000007,3024.9700000000007,3016.1500000000005,3017.2100000000005,3632
2026-08-25T13:00:00+00:00,3017.2100000000005,3019.1500000000005,3005.0000000000005,3007.7500000000005,29218
2026-08-25T14:00:00+00:00,3007.7500000000005,3013.0100000000007,3001.4000000000005,3011.6000000000004,28373
2026-08-25T15:00:00+00:00,3011.6000000000004,3013.6700000000005,3008.9000000000005,3011.7700000000004,16196
2026-08-25T16:00:00+00:00,3011.7700000000004,3012.5500000000006,3007.2500000000005,3009.6100000000006,8203
2026-08-25T17:00:00+00:00,3009.6100000000006,3010.1000000000004,3006.3200000000006,3008.7100000000005,7758
2026-08-25T18:00:00+00:00,3008.7100000000005,3011.7400000000007,3007.6400000000003,3010.0500000000006,5681
2026-08-25T19:00:00+00:00,3010.0500000000006,3016.2600000000007,3007.5600000000004,3013.9900000000007,9911
2026-08-25T20:00:00+00:00,3013.9900000000007,3015.2500000000005,3012.6500000000005,3013.7500000000005,2332
2026-08-25T22:00:00+00:00,3013.7500000000005,3014.5700000000006,3008.79,3008.81,1054
2026-08-25T23:00:00+00:00,3008.81,3008.91,3006.24,3006.46,1723
2026-08-26T00:00:00+00:00,3006.46,3007.71,3005.25,3005.41,4722
2026-08-26T01:00:00+00:00,3005.41,3007.46,3003.16,3004.34,4346
2026-08-26T02:00:00+00:00,3004.34,3009.96,3003.64,3009.3,3085
2026-08-26T03:00:00+00:00,3009.3,3010.86,3008.79,3009.61,2604
2026-08-26T04:00:00+00:00,3009.61,3010.51,3007.49,3007.99,1781
2026-08-26T05:00:00+00:00,3007.99,3010.35,3007.99,3009.24,2997
2026-08-26T06:00:00+00:00,3009.24,3013.06,3007.69,3012.25,3075
2026-08-26T07:00:00+00:00,3012.25,3012.25,3007.31,3010.45,5618
2026-08-26T08:00:00+00:00,3010.45,3011.64,3007.14,3009.64,4537
2026-08-26T09:00:00+00:00,3009.64,3011.51,3007.34,3008.69,3332
2026-08-26T10:00:00+00:00,3008.69,3009.25,3005.05,3007.56,2437
2026-08-26T11:00:00+00:00,3007.56,3010.15,3007.3,3008.04,3879
2026-08-26T12:00:00+00:00,3008.04,3013.64,2999.89,3001.11,9351
2026-08-26T13:00:00+00:00,3001.11,3014.69,2998.49,3013.41,29814
2026-08-26T14:00:00+00:00,3013.41,3016.31,3001.95,3003.05,26664
2026-08-26T15:00:00+00:00,3003.05,3005.01,2999.19,3002.36,16015
2026-08-26T16:00:00+00:00,3002.36,3003.28,2999.4500000000003,3003.28,10339
2026-08-26T17:00:00+00:00,3003.28,3006.6000000000004,3002.34,3006.19,7378
2026-08-26T18:00:00+00:00,3006.19,3008.8,3005.48,3008.3199999999997,5743
2026-08-26T19:00:00+00:00,3008.3199999999997,3011.5299999999997,3005.3199999999997,3006.96,10076
2026-08-26T20:00:00+00:00,3006.96,3010.23,3006.96,3009.8199999999997,6421
2026-08-26T22:00:00+00:00,3009.8199999999997,3016.72,3007.27,3014.37,2947
2026-08-26T23:00:00+00:00,3014.37,3014.71,3012.21,3014.33,2222
2026-08-27T00:00:00+00:00,3014.33,3015.3199999999997,3003.88,3003.88,6613
2026-08-27T01:00:00+00:00,3003.88,3009.43,3003.02,3009.0099999999998,6822
2026-08-27T02:00:00+00:00,3009.0099999999998,3011.2599999999998,3008.72,3010.03,3898
2026-08-27T03:00:00+00:00,3010.03,3010.5099999999998,3007.81,3008.43,2895
2026-08-27T04:00:00+00:00,3008.43,3008.97,3005.32,3005.72,3570
2026-08-27T05:00:00+00:00,3005.72,3006.06,3003.52,3004.81,3579
2026-08-27T06:00:00+00:00,3004.81,3007.12,3002.87,3007.02,4262
2026-08-27T07:00:00+00:00,3007.02,3007.67,3004.61,3006.41,5980
2026-08-27T08:00:00+00:00,3006.41,3010.68,3004.07,3004.27,6748
2026-08-27T09:00:00+00:00,3004.27,3010.47,3002.33,3006.18,5866
2026-08-27T10:00:00+00:00,3006.18,3008.08,3002.23,3007.82,4259
2026-08-27T11:00:00+00:00,3007.82,3009.07,3005.11,3008.46,7394
2026-08-27T12:00:00+00:00,3008.46,3008.73,3003.06,3003.63,6273
2026-08-27T13:00:00+00:00,3003.63,3014.53,3001.57,3005.28,34221
2026-08-27T14:00:00+00:00,3005.28,3010.7599999999998,2999.5099999999998,3010.17,30350
2026-08-27T15:00:00+00:00,3010.17,3021.3399999999997,3010.16,3020.8799999999997,16153
2026-08-27T16:00:00+00:00,3020.8799999999997,3022.12,3015.15,3021.24,10298
2026-08-27T17:00:00+00:00,3021.24,3022.16,3016.55,3016.59,8652
2026-08-27T18:00:00+00:00,3016.59,3018.16,3012.94,3017.85,14279
2026-08-27T19:00:00+00:00,3017.85,3021.06,3016.2,3017.71,12824
2026-08-27T20:00:00+00:00,3017.71,3018.8,3015.66,3017.16,3853
2026-08-27T22:00:00+00:00,3017.16,3018.54,3016.24,3017.39,1377
2026-08-27T23:00:00+00:00,3017.39,3017.83,3015.18,3015.75,1066
2026-08-28T00:00:00+00:00,3015.75,3019.5,3015.53,3019.45,2175
2026-08-28T01:00:00+00:00,3019.45,3021.93,3019.13,3021.93,1473
2026-08-28T02:00:00+00:00,3021.93,3023.85,3019.54,3020.44,1418
2026-08-28T03:00:00+00:00,3020.44,3022.78,3019.44,3021.34,1778
2026-08-28T04:00:00+00:00,3021.34,3021.55,3019.34,3019.75,2738
2026-08-28T05:00:00+00:00,3019.75,3020.09,3017.94,3017.94,2191
2026-08-28T06:00:00+00:00,3017.94,3022.74,3017.1,3022.68,3065
2026-08-28T07:00:00+00:00,3022.68,3023.14,3020.43,3020.95,3215
2026-08-28T08:00:00+00:00,3020.95,3022.83,3017.38,3018.85,2518
2026-08-28T09:00:00+00:00,3018.85,3018.95,3016.48,3018.09,1818
2026-08-28T10:00:00+00:00,3018.09,3018.73,3013.6,3014.85,1496
2026-08-28T11:00:00+00:00,3014.85,3015.69,3010.85,3012.84,1934
2026-08-28T12:00:00+00:00,3012.84,3017.15,3012.49,3016.1,2964
2026-08-28T13:00:00+00:00,3016.1,3022.64,3008.18,3009.2,25832
2026-08-28T14:00:00+00:00,3009.2,3017.7,2991.83,3002.6,59359
2026-08-28T15:00:00+00:00,3002.6,3004.09,2983.49,2984,33790
2026-08-28T16:00:00+00:00,2984,2986.09,2976.53,2982.04,35200
2026-08-28T17:00:00+00:00,2982.04,2983.05,2977.03,2981.29,23646
2026-08-28T18:00:00+00:00,2981.29,2982.2,2976.63,2977.6,14341
2026-08-28T19:00:00+00:00,2977.6,2983.7,2975.23,2976.04,15070
2026-08-28T20:00:00+00:00,2976.04,2977.54,2975.03,2977.33,1907
2026-08-30T22:00:00+00:00,2977.33,2977.33,2966.85,2971.81,3192
2026-08-30T23:00:00+00:00,2971.81,2971.81,2962.36,2962.75,5778
2026-08-31T00:00:00+00:00,2962.75,2971.46,2962.54,2969.71,7132
2026-08-31T01:00:00+00:00,2969.71,2969.76,2963.19,2965.94,9762
2026-08-31T02:00:00+00:00,2965.94,2968.65,2963.99,2966.95,6822
2026-08-31T03:00:00+00:00,2966.95,2969.11,2966.4,2968.05,3240
2026-08-31T04:00:00+00:00,2968.05,2971.21,2966.59,2970.34,2364
2026-08-31T05:00:00+00:00,2970.34,2973.51,2969.09,2972.75,3449
2026-08-31T06:00:00+00:00,2972.75,2978.21,2971.84,2977.95,2861
2026-08-31T07:00:00+00:00,2977.95,2979.66,2975.74,2977.99,3535
2026-08-31T08:00:00+00:00,2977.99,2980.9,2977.04,2979.35,4450
2026-08-31T09:00:00+00:00,2979.35,2981.44,2976.64,2976.91,3667
2026-08-31T10:00:00+00:00,2976.91,2977.16,2973.34,2975.39,3560
2026-08-31T11:00:00+00:00,2975.39,2977.21,2971.9,2974.09,4064
2026-08-31T12:00:00+00:00,2974.09,2976.54,2963.84,2965.11,9234
2026-08-31T13:00:00+00:00,2965.11,2972.01,2952.14,2952.99,34237
2026-08-31T14:00:00+00:00,2952.99,2955.36,2948.54,2951.31,29500
2026-08-31T15:00:00+00:00,2951.31,2954.36,2947.26,2950.01,17548
2026-08-31T16:00:00+00:00,2950.01,2951.66,2947.34,2948.66,11358
2026-08-31T17:00:00+00:00,2948.66,2950.9,2945.14,2949.86,9003
2026-08-31T18:00:00+00:00,2949.86,2951.16,2947.25,2950.21,9256
2026-08-31T19:00:00+00:00,2950.21,2961.81,2949.99,2957.14,13936
2026-08-31T20:00:00+00:00,2957.14,2960.41,2957.04,2957.96,3423
2026-08-31T22:00:00+00:00,2957.96,2958.05,2956.19,2957.05,1006
2026-08-31T23:00:00+00:00,2957.05,2959.26,2956.84,2957.89,1503
2026-09-01T00:00:00+00:00,2957.89,2961.8,2956.64,2960.05,2903
2026-09-01T01:00:00+00:00,2960.05,2961.2,2957.99,2960.25,2496
2026-09-01T02:00:00+00:00,2960.25,2960.7,2956.74,2959.15,2007
2026-09-01T03:00:00+00:00,2959.15,2959.26,2957.99,2958.46,2007
2026-09-01T04:00:00+00:00,2958.46,2959.21,2956.49,2956.96,1614
2026-09-01T05:00:00+00:00,2956.96,2962.36,2955.91,2961.2,2421
2026-09-01T06:00:00+00:00,2961.2,2961.71,2958.24,2959.14,2829
2026-09-01T07:00:00+00:00,2959.14,2963.71,2953.34,2956.31,6079
2026-09-01T08:00:00+00:00,2956.31,2956.89,2940.34,2942.45,12473
2026-09-01T09:00:00+00:00,2942.45,2944.81,2939.69,2940.41,6957
2026-09-01T10:00:00+00:00,2940.41,2948.55,2939.5,2943.85,4165
2026-09-01T11:00:00+00:00,2941.05,2943.85,2937.64,2937.91,5038
2026-09-01T12:00:00+00:00,2937.91,2940,2935.04,2936.26,6524
2026-09-01T13:00:00+00:00,2936.26,2945.41,2928.06,2930.79,35194
2026-09-01T14:00:00+00:00,2930.79,2943.66,2928.21,2936.95,32266
2026-09-01T15:00:00+00:00,2936.95,2939.05,2933.64,2936,17529
2026-09-01T16:00:00+00:00,2936,2936.76,2919.4,2925.09,20313
2026-09-01T17:00:00+00:00,2925.09,2925.5,2920.85,2922.74,12358
2026-09-01T18:00:00+00:00,2922.74,2923.39,2915.54,2920.15,11582
2026-09-01T19:00:00+00:00,2920.15,2924.5,2917.51,2922.01,14413
2026-09-01T20:00:00+00:00,2922.01,2923.75,2919.65,2923.25,3216
2026-09-01T22:00:00+00:00,2923.25,2923.59,2920.9,2921.64,1391
2026-09-01T23:00:00+00:00,2921.64,2922.3,2921.06,2921.74,1362
2026-09-02T00:00:00+00:00,2921.74,2922.84,2916.54,2916.54,6221
2026-09-02T01:00:00+00:00,2916.54,2918.45,2915.26,2917.91,6057
2026-09-02T02:00:00+00:00,2917.91,2917.96,2917.86,2917.96,13
